id_audio,label,Split
Am_AcousticGuitar_RodrigoMercador_1.wav,Am,TEST
Am_AcousticGuitar_RodrigoMercador_2.wav,Am,TEST
Am_AcousticGuitar_RodrigoMercador_3.wav,Am,TEST
Am_AcousticGuitar_RodrigoMercador_4.wav,Am,TEST
Am_AcusticVince_JO_1.wav,Am,TEST
Am_AcusticVince_JO_2.wav,Am,TEST
Am_AcusticVince_JO_3.wav,Am,TEST
Am_AcusticVince_JO_4.wav,Am,TEST
Am_Classic2_Carolina_1.wav,Am,TEST
Am_Classic2_Carolina_2.wav,Am,TEST
Am_Classic2_Carolina_3.wav,Am,TEST
Am_Classic2_Carolina_4.wav,Am,TEST
Am_Classic3_Carolina_1.wav,Am,TEST
Am_Classic3_Carolina_2.wav,Am,TEST
Am_Classic3_Carolina_3.wav,Am,TEST
Am_Classic3_Carolina_4.wav,Am,TEST
Am_classical_AfonsoLemos_-01.wav,Am,TEST
Am_classical_AfonsoLemos_-02.wav,Am,TEST
Am_classical_AfonsoLemos_-03.wav,Am,TEST
Am_classical_AfonsoLemos_-04.wav,Am,TEST
Am_ClassicVince_JO_1.wav,Am,TEST
Am_ClassicVince_JO_2.wav,Am,TEST
Am_ClassicVince_JO_3.wav,Am,TEST
Am_ClassicVince_JO_4.wav,Am,TEST
Am_Classic_Jo_1.wav,Am,TEST
Am_Classic_Jo_2.wav,Am,TEST
Am_Classic_Jo_3.wav,Am,TEST
Am_Classic_Jo_4.wav,Am,TEST
Am_Electric1_LInda_1.wav,Am,TEST
Am_Electric1_LInda_2.wav,Am,TEST
Am_Electric1_LInda_3.wav,Am,TEST
Am_Electric1_LInda_4.wav,Am,TEST
Am_Electric2_LInda_1.wav,Am,TEST
Am_Electric2_LInda_2.wav,Am,TEST
Am_Electric2_LInda_3.wav,Am,TEST
Am_Electric2_LInda_4.wav,Am,TEST
Am_electric_Isabel_1.wav,Am,TEST
Am_electric_Isabel_2.wav,Am,TEST
Am_electric_Isabel_3.wav,Am,TEST
Am_electric_Isabel_4.wav,Am,TEST
Bb_AcousticGuitar_RodrigoMercador_1.wav,Bb,TEST
Bb_AcousticGuitar_RodrigoMercador_2.wav,Bb,TEST
Bb_AcousticGuitar_RodrigoMercador_3.wav,Bb,TEST
Bb_AcousticGuitar_RodrigoMercador_4.wav,Bb,TEST
Bb_AcusticVince_JO_1.wav,Bb,TEST
Bb_AcusticVince_JO_2.wav,Bb,TEST
Bb_AcusticVince_JO_3.wav,Bb,TEST
Bb_AcusticVince_JO_4.wav,Bb,TEST
Bb_Classic2_Carolina_1.wav,Bb,TEST
Bb_Classic2_Carolina_2.wav,Bb,TEST
Bb_Classic2_Carolina_3.wav,Bb,TEST
Bb_Classic2_Carolina_4.wav,Bb,TEST
Bb_Classic3_Carolina_1.wav,Bb,TEST
Bb_Classic3_Carolina_2.wav,Bb,TEST
Bb_Classic3_Carolina_3.wav,Bb,TEST
Bb_Classic3_Carolina_4.wav,Bb,TEST
Bb_classical_AfonsoLemos_-01.wav,Bb,TEST
Bb_classical_AfonsoLemos_-02.wav,Bb,TEST
Bb_classical_AfonsoLemos_-03.wav,Bb,TEST
Bb_classical_AfonsoLemos_-04.wav,Bb,TEST
Bb_ClassicVince_JO_1.wav,Bb,TEST
Bb_ClassicVince_JO_2.wav,Bb,TEST
Bb_ClassicVince_JO_3.wav,Bb,TEST
Bb_ClassicVince_JO_4.wav,Bb,TEST
Bb_Classic_Jo_1.wav,Bb,TEST
Bb_Classic_Jo_2.wav,Bb,TEST
Bb_Classic_Jo_3.wav,Bb,TEST
Bb_Classic_Jo_4.wav,Bb,TEST
Bb_Electric1_LInda_1.wav,Bb,TEST
Bb_Electric1_LInda_2.wav,Bb,TEST
Bb_Electric1_LInda_3.wav,Bb,TEST
Bb_Electric1_LInda_4.wav,Bb,TEST
Bb_Electric2_LInda_1.wav,Bb,TEST
Bb_Electric2_LInda_2.wav,Bb,TEST
Bb_Electric2_LInda_3.wav,Bb,TEST
Bb_Electric2_LInda_4.wav,Bb,TEST
Bb_electric_Isabel_1.wav,Bb,TEST
Bb_electric_Isabel_2.wav,Bb,TEST
Bb_electric_Isabel_3.wav,Bb,TEST
Bb_electric_Isabel_4.wav,Bb,TEST
Bdim_AcousticGuitar_RodrigoMercador_1.wav,Bdim,TEST
Bdim_AcousticGuitar_RodrigoMercador_2.wav,Bdim,TEST
Bdim_AcousticGuitar_RodrigoMercador_3.wav,Bdim,TEST
Bdim_AcousticGuitar_RodrigoMercador_4.wav,Bdim,TEST
Bdim_AcusticVince_JO_1.wav,Bdim,TEST
Bdim_AcusticVince_JO_2.wav,Bdim,TEST
Bdim_AcusticVince_JO_3.wav,Bdim,TEST
Bdim_AcusticVince_JO_4.wav,Bdim,TEST
Bdim_Classic2_Carolina_1.wav,Bdim,TEST
Bdim_Classic2_Carolina_2.wav,Bdim,TEST
Bdim_Classic2_Carolina_3.wav,Bdim,TEST
Bdim_Classic2_Carolina_4.wav,Bdim,TEST
Bdim_Classic3_Carolina_1.wav,Bdim,TEST
Bdim_Classic3_Carolina_2.wav,Bdim,TEST
Bdim_Classic3_Carolina_3.wav,Bdim,TEST
Bdim_Classic3_Carolina_4.wav,Bdim,TEST
Bdim_classical_AfonsoLemos_-01.wav,Bdim,TEST
Bdim_classical_AfonsoLemos_-02.wav,Bdim,TEST
Bdim_classical_AfonsoLemos_-03.wav,Bdim,TEST
Bdim_classical_AfonsoLemos_-04.wav,Bdim,TEST
Bdim_ClassicVince_JO_1.wav,Bdim,TEST
Bdim_ClassicVince_JO_2.wav,Bdim,TEST
Bdim_ClassicVince_JO_3.wav,Bdim,TEST
Bdim_ClassicVince_JO_4.wav,Bdim,TEST
Bdim_Classic_Jo_1.wav,Bdim,TEST
Bdim_Classic_Jo_2.wav,Bdim,TEST
Bdim_Classic_Jo_3.wav,Bdim,TEST
Bdim_Classic_Jo_4.wav,Bdim,TEST
Bdim_Electric1_LInda_1.wav,Bdim,TEST
Bdim_Electric1_LInda_2.wav,Bdim,TEST
Bdim_Electric1_LInda_3.wav,Bdim,TEST
Bdim_Electric1_LInda_4.wav,Bdim,TEST
Bdim_Electric2_LInda_1.wav,Bdim,TEST
Bdim_Electric2_LInda_2.wav,Bdim,TEST
Bdim_Electric2_LInda_3.wav,Bdim,TEST
Bdim_Electric2_LInda_4.wav,Bdim,TEST
Bdim_electric_Isabel_1.wav,Bdim,TEST
Bdim_electric_Isabel_2.wav,Bdim,TEST
Bdim_electric_Isabel_3.wav,Bdim,TEST
Bdim_electric_Isabel_4.wav,Bdim,TEST
C_AcousticGuitar_RodrigoMercador_1.wav,C,TEST
C_AcousticGuitar_RodrigoMercador_2.wav,C,TEST
C_AcousticGuitar_RodrigoMercador_3.wav,C,TEST
C_AcousticGuitar_RodrigoMercador_4.wav,C,TEST
C_AcusticVince_JO_1.wav,C,TEST
C_AcusticVince_JO_2.wav,C,TEST
C_AcusticVince_JO_3.wav,C,TEST
C_AcusticVince_JO_4.wav,C,TEST
C_Classic2_Carolina_1.wav,C,TEST
C_Classic2_Carolina_2.wav,C,TEST
C_Classic2_Carolina_3.wav,C,TEST
C_Classic2_Carolina_4.wav,C,TEST
C_Classic3_Carolina_1.wav,C,TEST
C_Classic3_Carolina_2.wav,C,TEST
C_Classic3_Carolina_3.wav,C,TEST
C_Classic3_Carolina_4.wav,C,TEST
C_classical_AfonsoLemos_-01.wav,C,TEST
C_classical_AfonsoLemos_-02.wav,C,TEST
C_classical_AfonsoLemos_-03.wav,C,TEST
C_classical_AfonsoLemos_-04.wav,C,TEST
C_ClassicVince_JO_1.wav,C,TEST
C_ClassicVince_JO_2.wav,C,TEST
C_ClassicVince_JO_3.wav,C,TEST
C_ClassicVince_JO_4.wav,C,TEST
C_Classic_Jo_1.wav,C,TEST
C_Classic_Jo_2.wav,C,TEST
C_Classic_Jo_3.wav,C,TEST
C_Classic_Jo_4.wav,C,TEST
C_Electric1_LInda_1.wav,C,TEST
C_Electric1_LInda_2.wav,C,TEST
C_Electric1_LInda_3.wav,C,TEST
C_Electric1_LInda_4.wav,C,TEST
C_Electric2_LInda_1.wav,C,TEST
C_Electric2_LInda_2.wav,C,TEST
C_Electric2_LInda_3.wav,C,TEST
C_Electric2_LInda_4.wav,C,TEST
C_electric_Isabel_1.wav,C,TEST
C_electric_Isabel_2.wav,C,TEST
C_electric_Isabel_3.wav,C,TEST
C_electric_Isabel_4.wav,C,TEST
Dm_AcousticGuitar_RodrigoMercador_1.wav,Dm,TEST
Dm_AcousticGuitar_RodrigoMercador_2.wav,Dm,TEST
Dm_AcousticGuitar_RodrigoMercador_3.wav,Dm,TEST
Dm_AcousticGuitar_RodrigoMercador_4.wav,Dm,TEST
Dm_AcusticVince_JO_1.wav,Dm,TEST
Dm_AcusticVince_JO_2.wav,Dm,TEST
Dm_AcusticVince_JO_3.wav,Dm,TEST
Dm_AcusticVince_JO_4.wav,Dm,TEST
Dm_Classic2_Carolina_1.wav,Dm,TEST
Dm_Classic2_Carolina_2.wav,Dm,TEST
Dm_Classic2_Carolina_3.wav,Dm,TEST
Dm_Classic2_Carolina_4.wav,Dm,TEST
Dm_Classic3_Carolina_1.wav,Dm,TEST
Dm_Classic3_Carolina_2.wav,Dm,TEST
Dm_Classic3_Carolina_3.wav,Dm,TEST
Dm_Classic3_Carolina_4.wav,Dm,TEST
Dm_classical_AfonsoLemos_-01.wav,Dm,TEST
Dm_classical_AfonsoLemos_-02.wav,Dm,TEST
Dm_classical_AfonsoLemos_-03.wav,Dm,TEST
Dm_classical_AfonsoLemos_-04.wav,Dm,TEST
Dm_ClassicVince_JO_1.wav,Dm,TEST
Dm_ClassicVince_JO_2.wav,Dm,TEST
Dm_ClassicVince_JO_3.wav,Dm,TEST
Dm_ClassicVince_JO_4.wav,Dm,TEST
Dm_Classic_Jo_1.wav,Dm,TEST
Dm_Classic_Jo_2.wav,Dm,TEST
Dm_Classic_Jo_3.wav,Dm,TEST
Dm_Classic_Jo_4.wav,Dm,TEST
Dm_Electric1_LInda_1.wav,Dm,TEST
Dm_Electric1_LInda_2.wav,Dm,TEST
Dm_Electric1_LInda_3.wav,Dm,TEST
Dm_Electric1_LInda_4.wav,Dm,TEST
Dm_Electric2_LInda_1.wav,Dm,TEST
Dm_Electric2_LInda_2.wav,Dm,TEST
Dm_Electric2_LInda_3.wav,Dm,TEST
Dm_Electric2_LInda_4.wav,Dm,TEST
Dm_electric_Isabel_1.wav,Dm,TEST
Dm_electric_Isabel_2.wav,Dm,TEST
Dm_electric_Isabel_3.wav,Dm,TEST
Dm_electric_Isabel_4.wav,Dm,TEST
Em_AcousticGuitar_RodrigoMercador_1.wav,Em,TEST
Em_AcousticGuitar_RodrigoMercador_2.wav,Em,TEST
Em_AcousticGuitar_RodrigoMercador_3.wav,Em,TEST
Em_AcousticGuitar_RodrigoMercador_4.wav,Em,TEST
Em_AcusticVince_JO_1.wav,Em,TEST
Em_AcusticVince_JO_2.wav,Em,TEST
Em_AcusticVince_JO_3.wav,Em,TEST
Em_AcusticVince_JO_4.wav,Em,TEST
Em_Classic2_Carolina_1.wav,Em,TEST
Em_Classic2_Carolina_2.wav,Em,TEST
Em_Classic2_Carolina_3.wav,Em,TEST
Em_Classic2_Carolina_4.wav,Em,TEST
Em_Classic3_Carolina_1.wav,Em,TEST
Em_Classic3_Carolina_2.wav,Em,TEST
Em_Classic3_Carolina_3.wav,Em,TEST
Em_Classic3_Carolina_4.wav,Em,TEST
Em_classical_AfonsoLemos_01.wav,Em,TEST
Em_classical_AfonsoLemos_02.wav,Em,TEST
Em_classical_AfonsoLemos_03.wav,Em,TEST
Em_classical_AfonsoLemos_04.wav,Em,TEST
Em_ClassicVince_JO_1.wav,Em,TEST
Em_ClassicVince_JO_2.wav,Em,TEST
Em_ClassicVince_JO_3.wav,Em,TEST
Em_ClassicVince_JO_4.wav,Em,TEST
Em_Classic_Jo_1.wav,Em,TEST
Em_Classic_Jo_2.wav,Em,TEST
Em_Classic_Jo_3.wav,Em,TEST
Em_Classic_Jo_4.wav,Em,TEST
Em_Electric1_LInda_1.wav,Em,TEST
Em_Electric1_LInda_2.wav,Em,TEST
Em_Electric1_LInda_3.wav,Em,TEST
Em_Electric1_LInda_4.wav,Em,TEST
Em_Electric2_LInda_1..wav,Em,TEST
Em_Electric2_LInda_2.wav,Em,TEST
Em_Electric2_LInda_3.wav,Em,TEST
Em_Electric2_LInda_4..wav,Em,TEST
Em_electric_Isabel_1.wav,Em,TEST
Em_electric_Isabel_2.wav,Em,TEST
Em_electric_Isabel_3.wav,Em,TEST
Em_electric_Isabel_4.wav,Em,TEST
F_AcousticGuitar_RodrigoMercador_1.wav,F,TEST
F_AcousticGuitar_RodrigoMercador_2.wav,F,TEST
F_AcousticGuitar_RodrigoMercador_3.wav,F,TEST
F_AcousticGuitar_RodrigoMercador_4.wav,F,TEST
F_AcusticVince_JO_1.wav,F,TEST
F_AcusticVince_JO_2.wav,F,TEST
F_AcusticVince_JO_3.wav,F,TEST
F_AcusticVince_JO_4.wav,F,TEST
F_Classic2_Carolina_1.wav,F,TEST
F_Classic2_Carolina_2.wav,F,TEST
F_Classic2_Carolina_3.wav,F,TEST
F_Classic2_Carolina_4.wav,F,TEST
F_Classic3_Carolina_1.wav,F,TEST
F_Classic3_Carolina_2.wav,F,TEST
F_Classic3_Carolina_3.wav,F,TEST
F_Classic3_Carolina_4.wav,F,TEST
F_classical_AfonsoLemos_-01.wav,F,TEST
F_classical_AfonsoLemos_-02.wav,F,TEST
F_classical_AfonsoLemos_-03.wav,F,TEST
F_classical_AfonsoLemos_-04.wav,F,TEST
F_ClassicVince_JO_1.wav,F,TEST
F_ClassicVince_JO_2.wav,F,TEST
F_ClassicVince_JO_3.wav,F,TEST
F_ClassicVince_JO_4.wav,F,TEST
F_Classic_Jo_1..wav,F,TEST
F_Classic_Jo_2.wav,F,TEST
F_Classic_Jo_3.wav,F,TEST
F_Classic_Jo_4.wav,F,TEST
F_Electric1_LInda_1.wav,F,TEST
F_Electric1_LInda_2.wav,F,TEST
F_Electric1_LInda_3.wav,F,TEST
F_Electric1_LInda_4.wav,F,TEST
F_Electric2_LInda_1.wav,F,TEST
F_Electric2_LInda_2.wav,F,TEST
F_Electric2_LInda_3.wav,F,TEST
F_Electric2_LInda_4.wav,F,TEST
F_electric_Isabel_1.wav,F,TEST
F_electric_Isabel_2.wav,F,TEST
F_electric_Isabel_3.wav,F,TEST
F_electric_Isabel_4.wav,F,TEST
G_AcousticGuitar_RodrigoMercador_1.wav,G,TEST
G_AcousticGuitar_RodrigoMercador_2.wav,G,TEST
G_AcousticGuitar_RodrigoMercador_3.wav,G,TEST
G_AcousticGuitar_RodrigoMercador_4.wav,G,TEST
G_AcusticVince_JO_1.wav,G,TEST
G_AcusticVince_JO_2.wav,G,TEST
G_AcusticVince_JO_3.wav,G,TEST
G_AcusticVince_JO_4.wav,G,TEST
G_Classic2_Carolina_1.wav,G,TEST
G_Classic2_Carolina_2.wav,G,TEST
G_Classic2_Carolina_3.wav,G,TEST
G_Classic2_Carolina_4.wav,G,TEST
G_Classic3_Carolina_1.wav,G,TEST
G_Classic3_Carolina_2.wav,G,TEST
G_Classic3_Carolina_3.wav,G,TEST
G_Classic3_Carolina_4.wav,G,TEST
G_classical_AfonsoLemos_-01.wav,G,TEST
G_classical_AfonsoLemos_-02.wav,G,TEST
G_classical_AfonsoLemos_-03.wav,G,TEST
G_classical_AfonsoLemos_-04.wav,G,TEST
G_ClassicVince_JO_1.wav,G,TEST
G_ClassicVince_JO_2.wav,G,TEST
G_ClassicVince_JO_3.wav,G,TEST
G_ClassicVince_JO_4.wav,G,TEST
G_Classic_Jo_1.wav,G,TEST
G_Classic_Jo_2.wav,G,TEST
G_Classic_Jo_3.wav,G,TEST
G_Classic_Jo_4.wav,G,TEST
G_Electric1_LInda_1.wav,G,TEST
G_Electric1_LInda_2.wav,G,TEST
G_Electric1_LInda_3.wav,G,TEST
G_Electric1_LInda_4.wav,G,TEST
G_Electric2_LInda_1.wav,G,TEST
G_Electric2_LInda_2.wav,G,TEST
G_Electric2_LInda_3.wav,G,TEST
G_Electric2_LInda_4.wav,G,TEST
G_electric_Isabel_1.wav,G,TEST
G_electric_Isabel_2.wav,G,TEST
G_electric_Isabel_3.wav,G,TEST
G_electric_Isabel_4.wav,G,TEST
Am_acousticguitar_Mari_1.wav,Am,TRAINING
Am_acousticguitar_Mari_2.wav,Am,TRAINING
Am_acousticguitar_Mari_3.wav,Am,TRAINING
Am_acousticguitar_Mari_4.wav,Am,TRAINING
Am_acousticguitar_SalomCÔòá┬║Andrade_1.wav,Am,TRAINING
Am_acousticguitar_SalomCÔòá┬║Andrade_2.wav,Am,TRAINING
Am_acousticguitar_SalomCÔòá┬║Andrade_3.wav,Am,TRAINING
Am_acousticguitar_SalomCÔòá┬║Andrade_4.wav,Am,TRAINING
Am_acusticGB_JO_1.wav,Am,TRAINING
Am_acusticGB_JO_2.wav,Am,TRAINING
Am_acusticGB_JO_3.wav,Am,TRAINING
Am_acusticGB_JO_4.wav,Am,TRAINING
Am_AcusticPlug15_1.wav,Am,TRAINING
Am_AcusticPlug15_2.wav,Am,TRAINING
Am_AcusticPlug15_3.wav,Am,TRAINING
Am_AcusticPlug15_4.wav,Am,TRAINING
Am_AcusticPlug16_1.wav,Am,TRAINING
Am_AcusticPlug16_2.wav,Am,TRAINING
Am_AcusticPlug16_3.wav,Am,TRAINING
Am_AcusticPlug16_4.wav,Am,TRAINING
Am_AcusticPlug17_1.wav,Am,TRAINING
Am_AcusticPlug17_2.wav,Am,TRAINING
Am_AcusticPlug17_3.wav,Am,TRAINING
Am_AcusticPlug17_4.wav,Am,TRAINING
Am_AcusticPlug18_1.wav,Am,TRAINING
Am_AcusticPlug18_2.wav,Am,TRAINING
Am_AcusticPlug18_3.wav,Am,TRAINING
Am_AcusticPlug18_4.wav,Am,TRAINING
Am_AcusticPlug19_1.wav,Am,TRAINING
Am_AcusticPlug19_2.wav,Am,TRAINING
Am_AcusticPlug19_3.wav,Am,TRAINING
Am_AcusticPlug19_4.wav,Am,TRAINING
Am_AcusticPlug1_1.wav,Am,TRAINING
Am_AcusticPlug1_2.wav,Am,TRAINING
Am_AcusticPlug1_3.wav,Am,TRAINING
Am_AcusticPlug1_4.wav,Am,TRAINING
Am_AcusticPlug20_1.wav,Am,TRAINING
Am_AcusticPlug20_2.wav,Am,TRAINING
Am_AcusticPlug20_3.wav,Am,TRAINING
Am_AcusticPlug20_4.wav,Am,TRAINING
Am_AcusticPlug21_1.wav,Am,TRAINING
Am_AcusticPlug21_2.wav,Am,TRAINING
Am_AcusticPlug21_3.wav,Am,TRAINING
Am_AcusticPlug21_4.wav,Am,TRAINING
Am_AcusticPlug22_1.wav,Am,TRAINING
Am_AcusticPlug22_2.wav,Am,TRAINING
Am_AcusticPlug22_3.wav,Am,TRAINING
Am_AcusticPlug22_4.wav,Am,TRAINING
Am_AcusticPlug23_1.wav,Am,TRAINING
Am_AcusticPlug23_2.wav,Am,TRAINING
Am_AcusticPlug23_3.wav,Am,TRAINING
Am_AcusticPlug23_4.wav,Am,TRAINING
Am_AcusticPlug24_1.wav,Am,TRAINING
Am_AcusticPlug24_2.wav,Am,TRAINING
Am_AcusticPlug24_3.wav,Am,TRAINING
Am_AcusticPlug24_4.wav,Am,TRAINING
Am_AcusticPlug25_1.wav,Am,TRAINING
Am_AcusticPlug25_2.wav,Am,TRAINING
Am_AcusticPlug25_3.wav,Am,TRAINING
Am_AcusticPlug25_4.wav,Am,TRAINING
Am_AcusticPlug26_1.wav,Am,TRAINING
Am_AcusticPlug26_2.wav,Am,TRAINING
Am_AcusticPlug26_3.wav,Am,TRAINING
Am_AcusticPlug26_4.wav,Am,TRAINING
Am_AcusticPlug27_1.wav,Am,TRAINING
Am_AcusticPlug27_2.wav,Am,TRAINING
Am_AcusticPlug27_3.wav,Am,TRAINING
Am_AcusticPlug27_4.wav,Am,TRAINING
Am_AcusticPlug28_1.wav,Am,TRAINING
Am_AcusticPlug28_2.wav,Am,TRAINING
Am_AcusticPlug28_3.wav,Am,TRAINING
Am_AcusticPlug28_4.wav,Am,TRAINING
Am_AcusticPlug29_1.wav,Am,TRAINING
Am_AcusticPlug29_2.wav,Am,TRAINING
Am_AcusticPlug29_3.wav,Am,TRAINING
Am_AcusticPlug29_4.wav,Am,TRAINING
Am_AcusticPlug2_1.wav,Am,TRAINING
Am_AcusticPlug2_2.wav,Am,TRAINING
Am_AcusticPlug2_3.wav,Am,TRAINING
Am_AcusticPlug2_4.wav,Am,TRAINING
Am_AcusticPlug30_1.wav,Am,TRAINING
Am_AcusticPlug30_2.wav,Am,TRAINING
Am_AcusticPlug30_3.wav,Am,TRAINING
Am_AcusticPlug30_4.wav,Am,TRAINING
Am_AcusticPlug3_1.wav,Am,TRAINING
Am_AcusticPlug3_2.wav,Am,TRAINING
Am_AcusticPlug3_3.wav,Am,TRAINING
Am_AcusticPlug3_4.wav,Am,TRAINING
Am_AcusticPlug4_1.wav,Am,TRAINING
Am_AcusticPlug4_2.wav,Am,TRAINING
Am_AcusticPlug4_3.wav,Am,TRAINING
Am_AcusticPlug4_4.wav,Am,TRAINING
Am_AcusticPlug5_1.wav,Am,TRAINING
Am_AcusticPlug5_2.wav,Am,TRAINING
Am_AcusticPlug5_3.wav,Am,TRAINING
Am_AcusticPlug5_4.wav,Am,TRAINING
Am_AcusticPlug7_1.wav,Am,TRAINING
Am_AcusticPlug7_2.wav,Am,TRAINING
Am_AcusticPlug7_3.wav,Am,TRAINING
Am_AcusticPlug7_4.wav,Am,TRAINING
Am_Acustic_Miguel_1.wav,Am,TRAINING
Am_Acustic_Miguel_2.wav,Am,TRAINING
Am_Acustic_Miguel_3.wav,Am,TRAINING
Am_Acustic_Miguel_4.wav,Am,TRAINING
Am_AcustiicPlug10_1.wav,Am,TRAINING
Am_AcustiicPlug10_2.wav,Am,TRAINING
Am_AcustiicPlug10_3.wav,Am,TRAINING
Am_AcustiicPlug10_4.wav,Am,TRAINING
Am_AcustiicPlug11_1.wav,Am,TRAINING
Am_AcustiicPlug11_2.wav,Am,TRAINING
Am_AcustiicPlug11_3.wav,Am,TRAINING
Am_AcustiicPlug11_4.wav,Am,TRAINING
Am_AcustiicPlug12_1.wav,Am,TRAINING
Am_AcustiicPlug12_2.wav,Am,TRAINING
Am_AcustiicPlug12_3.wav,Am,TRAINING
Am_AcustiicPlug12_4.wav,Am,TRAINING
Am_AcustiicPlug13_1.wav,Am,TRAINING
Am_AcustiicPlug13_2.wav,Am,TRAINING
Am_AcustiicPlug13_3.wav,Am,TRAINING
Am_AcustiicPlug13_4.wav,Am,TRAINING
Am_AcustiicPlug14_1.wav,Am,TRAINING
Am_AcustiicPlug14_2.wav,Am,TRAINING
Am_AcustiicPlug14_3.wav,Am,TRAINING
Am_AcustiicPlug14_4.wav,Am,TRAINING
Am_AcustiicPlug6_1.wav,Am,TRAINING
Am_AcustiicPlug6_2.wav,Am,TRAINING
Am_AcustiicPlug6_3.wav,Am,TRAINING
Am_AcustiicPlug6_4.wav,Am,TRAINING
Am_AcustiicPlug8_1.wav,Am,TRAINING
Am_AcustiicPlug8_2.wav,Am,TRAINING
Am_AcustiicPlug8_3.wav,Am,TRAINING
Am_AcustiicPlug8_4.wav,Am,TRAINING
Am_AcustiicPlug9_1.wav,Am,TRAINING
Am_AcustiicPlug9_2.wav,Am,TRAINING
Am_AcustiicPlug9_3.wav,Am,TRAINING
Am_AcustiicPlug9_4.wav,Am,TRAINING
Am_classical_henrique_1.wav,Am,TRAINING
Am_classical_henrique_2.wav,Am,TRAINING
Am_classical_henrique_3.wav,Am,TRAINING
Am_classical_henrique_4.wav,Am,TRAINING
Am_ClassicA_Miguel_1.wav,Am,TRAINING
Am_ClassicA_Miguel_2.wav,Am,TRAINING
Am_ClassicA_Miguel_3.wav,Am,TRAINING
Am_ClassicA_Miguel_4.wav,Am,TRAINING
Am_ClassicCleanGB_JO_1.wav,Am,TRAINING
Am_ClassicCleanGB_JO_2.wav,Am,TRAINING
Am_ClassicCleanGB_JO_3.wav,Am,TRAINING
Am_ClassicCleanGB_JO_4.wav,Am,TRAINING
Am_Classic_Jegundo_1.wav,Am,TRAINING
Am_Classic_Jegundo_2.wav,Am,TRAINING
Am_Classic_Jegundo_3.wav,Am,TRAINING
Am_Classic_Jegundo_4.wav,Am,TRAINING
Am_Classic_Miguel_1.wav,Am,TRAINING
Am_Classic_Miguel_2.wav,Am,TRAINING
Am_Classic_Miguel_3.wav,Am,TRAINING
Am_Classic_Miguel_4.wav,Am,TRAINING
Am_Classic_Simona_1.wav,Am,TRAINING
Am_Classic_Simona_2.wav,Am,TRAINING
Am_Classic_Simona_3.wav,Am,TRAINING
Am_Classic_Simona_4.wav,Am,TRAINING
Am_Electric_Fabi_1.wav,Am,TRAINING
Am_Electric_Fabi_2.wav,Am,TRAINING
Am_Electric_Fabi_3.wav,Am,TRAINING
Am_Electric_Fabi_4.wav,Am,TRAINING
Am_eletricguitar_Mari_1.wav,Am,TRAINING
Am_eletricguitar_Mari_2.wav,Am,TRAINING
Am_eletricguitar_Mari_3.wav,Am,TRAINING
Am_eletricguitar_Mari_4.wav,Am,TRAINING
Am_RetroGB_JO_1.wav,Am,TRAINING
Am_RetroGB_JO_2.wav,Am,TRAINING
Am_RetroGB_JO_3.wav,Am,TRAINING
Am_RetroGB_JO_4.wav,Am,TRAINING
Am_RockGB_JO_1.wav,Am,TRAINING
Am_RockGB_JO_2.wav,Am,TRAINING
Am_RockGB_JO_3.wav,Am,TRAINING
Am_RockGB_JO_4.wav,Am,TRAINING
Am_RootsGB_JO_1.wav,Am,TRAINING
Am_RootsGB_JO_2.wav,Am,TRAINING
Am_RootsGB_JO_3.wav,Am,TRAINING
Am_RootsGB_JO_4.wav,Am,TRAINING
Bb_acousticguitar_Mari_1.wav,Bb,TRAINING
Bb_acousticguitar_Mari_2.wav,Bb,TRAINING
Bb_acousticguitar_Mari_3.wav,Bb,TRAINING
Bb_acousticguitar_Mari_4.wav,Bb,TRAINING
Bb_acousticguitar_SalomCÔòá┬║Andrade_1.wav,Bb,TRAINING
Bb_acousticguitar_SalomCÔòá┬║Andrade_2.wav,Bb,TRAINING
Bb_acousticguitar_SalomCÔòá┬║Andrade_3.wav,Bb,TRAINING
Bb_acousticguitar_SalomCÔòá┬║Andrade_4.wav,Bb,TRAINING
Bb_acusticGB_JO_1.wav,Bb,TRAINING
Bb_acusticGB_JO_2.wav,Bb,TRAINING
Bb_acusticGB_JO_3.wav,Bb,TRAINING
Bb_acusticGB_JO_4.wav,Bb,TRAINING
Bb_AcusticPlug10_1.wav,Bb,TRAINING
Bb_AcusticPlug10_2.wav,Bb,TRAINING
Bb_AcusticPlug10_3.wav,Bb,TRAINING
Bb_AcusticPlug10_4.wav,Bb,TRAINING
Bb_AcusticPlug11_1.wav,Bb,TRAINING
Bb_AcusticPlug11_2.wav,Bb,TRAINING
Bb_AcusticPlug11_3.wav,Bb,TRAINING
Bb_AcusticPlug11_4.wav,Bb,TRAINING
Bb_AcusticPlug12_1.wav,Bb,TRAINING
Bb_AcusticPlug12_2.wav,Bb,TRAINING
Bb_AcusticPlug12_3.wav,Bb,TRAINING
Bb_AcusticPlug12_4.wav,Bb,TRAINING
Bb_AcusticPlug13_1.wav,Bb,TRAINING
Bb_AcusticPlug13_2.wav,Bb,TRAINING
Bb_AcusticPlug13_3.wav,Bb,TRAINING
Bb_AcusticPlug13_4.wav,Bb,TRAINING
Bb_AcusticPlug14_1.wav,Bb,TRAINING
Bb_AcusticPlug14_2.wav,Bb,TRAINING
Bb_AcusticPlug14_3.wav,Bb,TRAINING
Bb_AcusticPlug14_4.wav,Bb,TRAINING
Bb_AcusticPlug15_1.wav,Bb,TRAINING
Bb_AcusticPlug15_2.wav,Bb,TRAINING
Bb_AcusticPlug15_3.wav,Bb,TRAINING
Bb_AcusticPlug15_4.wav,Bb,TRAINING
Bb_AcusticPlug16_1.wav,Bb,TRAINING
Bb_AcusticPlug16_2.wav,Bb,TRAINING
Bb_AcusticPlug16_3.wav,Bb,TRAINING
Bb_AcusticPlug16_4.wav,Bb,TRAINING
Bb_AcusticPlug17_1.wav,Bb,TRAINING
Bb_AcusticPlug17_2.wav,Bb,TRAINING
Bb_AcusticPlug17_3.wav,Bb,TRAINING
Bb_AcusticPlug17_4.wav,Bb,TRAINING
Bb_AcusticPlug18_1.wav,Bb,TRAINING
Bb_AcusticPlug18_2.wav,Bb,TRAINING
Bb_AcusticPlug18_3.wav,Bb,TRAINING
Bb_AcusticPlug18_4.wav,Bb,TRAINING
Bb_AcusticPlug19_1.wav,Bb,TRAINING
Bb_AcusticPlug19_2.wav,Bb,TRAINING
Bb_AcusticPlug19_3.wav,Bb,TRAINING
Bb_AcusticPlug19_4.wav,Bb,TRAINING
Bb_AcusticPlug1_1.wav,Bb,TRAINING
Bb_AcusticPlug1_2.wav,Bb,TRAINING
Bb_AcusticPlug1_3.wav,Bb,TRAINING
Bb_AcusticPlug1_4.wav,Bb,TRAINING
Bb_AcusticPlug20_1.wav,Bb,TRAINING
Bb_AcusticPlug20_2.wav,Bb,TRAINING
Bb_AcusticPlug20_3.wav,Bb,TRAINING
Bb_AcusticPlug20_4.wav,Bb,TRAINING
Bb_AcusticPlug21_1.wav,Bb,TRAINING
Bb_AcusticPlug21_2.wav,Bb,TRAINING
Bb_AcusticPlug21_3.wav,Bb,TRAINING
Bb_AcusticPlug21_4.wav,Bb,TRAINING
Bb_AcusticPlug22_1.wav,Bb,TRAINING
Bb_AcusticPlug22_2.wav,Bb,TRAINING
Bb_AcusticPlug22_3.wav,Bb,TRAINING
Bb_AcusticPlug22_4.wav,Bb,TRAINING
Bb_AcusticPlug23_1.wav,Bb,TRAINING
Bb_AcusticPlug23_2.wav,Bb,TRAINING
Bb_AcusticPlug23_3.wav,Bb,TRAINING
Bb_AcusticPlug23_4.wav,Bb,TRAINING
Bb_AcusticPlug24_1.wav,Bb,TRAINING
Bb_AcusticPlug24_2.wav,Bb,TRAINING
Bb_AcusticPlug24_3.wav,Bb,TRAINING
Bb_AcusticPlug24_4.wav,Bb,TRAINING
Bb_AcusticPlug25_1.wav,Bb,TRAINING
Bb_AcusticPlug25_2.wav,Bb,TRAINING
Bb_AcusticPlug25_3.wav,Bb,TRAINING
Bb_AcusticPlug25_4.wav,Bb,TRAINING
Bb_AcusticPlug26_1.wav,Bb,TRAINING
Bb_AcusticPlug26_2.wav,Bb,TRAINING
Bb_AcusticPlug26_3.wav,Bb,TRAINING
Bb_AcusticPlug26_4.wav,Bb,TRAINING
Bb_AcusticPlug27_1.wav,Bb,TRAINING
Bb_AcusticPlug27_2.wav,Bb,TRAINING
Bb_AcusticPlug27_3.wav,Bb,TRAINING
Bb_AcusticPlug27_4.wav,Bb,TRAINING
Bb_AcusticPlug28_1.wav,Bb,TRAINING
Bb_AcusticPlug28_2.wav,Bb,TRAINING
Bb_AcusticPlug28_3.wav,Bb,TRAINING
Bb_AcusticPlug28_4.wav,Bb,TRAINING
Bb_AcusticPlug29_1.wav,Bb,TRAINING
Bb_AcusticPlug29_2.wav,Bb,TRAINING
Bb_AcusticPlug29_3.wav,Bb,TRAINING
Bb_AcusticPlug29_4.wav,Bb,TRAINING
Bb_AcusticPlug2_1.wav,Bb,TRAINING
Bb_AcusticPlug2_2.wav,Bb,TRAINING
Bb_AcusticPlug2_3.wav,Bb,TRAINING
Bb_AcusticPlug2_4.wav,Bb,TRAINING
Bb_AcusticPlug30_1.wav,Bb,TRAINING
Bb_AcusticPlug30_2.wav,Bb,TRAINING
Bb_AcusticPlug30_3.wav,Bb,TRAINING
Bb_AcusticPlug30_4.wav,Bb,TRAINING
Bb_AcusticPlug3_1.wav,Bb,TRAINING
Bb_AcusticPlug3_2.wav,Bb,TRAINING
Bb_AcusticPlug3_3.wav,Bb,TRAINING
Bb_AcusticPlug3_4.wav,Bb,TRAINING
Bb_AcusticPlug4_1.wav,Bb,TRAINING
Bb_AcusticPlug4_2.wav,Bb,TRAINING
Bb_AcusticPlug4_3.wav,Bb,TRAINING
Bb_AcusticPlug4_4.wav,Bb,TRAINING
Bb_AcusticPlug5_1.wav,Bb,TRAINING
Bb_AcusticPlug5_2.wav,Bb,TRAINING
Bb_AcusticPlug5_3.wav,Bb,TRAINING
Bb_AcusticPlug5_4.wav,Bb,TRAINING
Bb_AcusticPlug6_1.wav,Bb,TRAINING
Bb_AcusticPlug6_2.wav,Bb,TRAINING
Bb_AcusticPlug6_3.wav,Bb,TRAINING
Bb_AcusticPlug6_4.wav,Bb,TRAINING
Bb_AcusticPlug7_1.wav,Bb,TRAINING
Bb_AcusticPlug7_2.wav,Bb,TRAINING
Bb_AcusticPlug7_3.wav,Bb,TRAINING
Bb_AcusticPlug7_4.wav,Bb,TRAINING
Bb_AcusticPlug8_1.wav,Bb,TRAINING
Bb_AcusticPlug8_2.wav,Bb,TRAINING
Bb_AcusticPlug8_3.wav,Bb,TRAINING
Bb_AcusticPlug8_4.wav,Bb,TRAINING
Bb_AcusticPlug9_1.wav,Bb,TRAINING
Bb_AcusticPlug9_2.wav,Bb,TRAINING
Bb_AcusticPlug9_3.wav,Bb,TRAINING
Bb_AcusticPlug9_4.wav,Bb,TRAINING
Bb_Acustic_Miguel_1.wav,Bb,TRAINING
Bb_Acustic_Miguel_2.wav,Bb,TRAINING
Bb_Acustic_Miguel_3.wav,Bb,TRAINING
Bb_Acustic_Miguel_4.wav,Bb,TRAINING
Bb_classical_henrique_1.wav,Bb,TRAINING
Bb_classical_henrique_2.wav,Bb,TRAINING
Bb_classical_henrique_3.wav,Bb,TRAINING
Bb_classical_henrique_4.wav,Bb,TRAINING
Bb_ClassicA_Miguel_1.wav,Bb,TRAINING
Bb_ClassicA_Miguel_2.wav,Bb,TRAINING
Bb_ClassicA_Miguel_3.wav,Bb,TRAINING
Bb_ClassicA_Miguel_4.wav,Bb,TRAINING
Bb_ClassicCleanGB_JO_1.wav,Bb,TRAINING
Bb_ClassicCleanGB_JO_2.wav,Bb,TRAINING
Bb_ClassicCleanGB_JO_3.wav,Bb,TRAINING
Bb_ClassicCleanGB_JO_4.wav,Bb,TRAINING
Bb_Classic_Jegundo_1.wav,Bb,TRAINING
Bb_Classic_Jegundo_2.wav,Bb,TRAINING
Bb_Classic_Jegundo_3.wav,Bb,TRAINING
Bb_Classic_Jegundo_4.wav,Bb,TRAINING
Bb_Classic_Miguel_1.wav,Bb,TRAINING
Bb_Classic_Miguel_2.wav,Bb,TRAINING
Bb_Classic_Miguel_3.wav,Bb,TRAINING
Bb_Classic_Miguel_4.wav,Bb,TRAINING
Bb_Classic_Simona_1.wav,Bb,TRAINING
Bb_Classic_Simona_2.wav,Bb,TRAINING
Bb_Classic_Simona_3.wav,Bb,TRAINING
Bb_Classic_Simona_4.wav,Bb,TRAINING
Bb_Electric_Fabi_1.wav,Bb,TRAINING
Bb_Electric_Fabi_2.wav,Bb,TRAINING
Bb_Electric_Fabi_3.wav,Bb,TRAINING
Bb_Electric_Fabi_4.wav,Bb,TRAINING
Bb_eletricguitar_Mari_1.wav,Bb,TRAINING
Bb_eletricguitar_Mari_2.wav,Bb,TRAINING
Bb_eletricguitar_Mari_3.wav,Bb,TRAINING
Bb_eletricguitar_Mari_4.wav,Bb,TRAINING
Bb_RetroGB_JO_1.wav,Bb,TRAINING
Bb_RetroGB_JO_2.wav,Bb,TRAINING
Bb_RetroGB_JO_3.wav,Bb,TRAINING
Bb_RetroGB_JO_4.wav,Bb,TRAINING
Bb_RockGB_JO_1.wav,Bb,TRAINING
Bb_RockGB_JO_2.wav,Bb,TRAINING
Bb_RockGB_JO_3.wav,Bb,TRAINING
Bb_RockGB_JO_4.wav,Bb,TRAINING
Bb_RootsGB_JO_1.wav,Bb,TRAINING
Bb_RootsGB_JO_2.wav,Bb,TRAINING
Bb_RootsGB_JO_3.wav,Bb,TRAINING
Bb_RootsGB_JO_4.wav,Bb,TRAINING
Bdim_acousticguitar_Mari_1.wav,Bdim,TRAINING
Bdim_acousticguitar_Mari_2.wav,Bdim,TRAINING
Bdim_acousticguitar_Mari_3.wav,Bdim,TRAINING
Bdim_acousticguitar_Mari_4.wav,Bdim,TRAINING
Bdim_acousticguitar_SalomCÔòá┬║Andrade_1.wav,Bdim,TRAINING
Bdim_acousticguitar_SalomCÔòá┬║Andrade_2.wav,Bdim,TRAINING
Bdim_acousticguitar_SalomCÔòá┬║Andrade_3.wav,Bdim,TRAINING
Bdim_acousticguitar_SalomCÔòá┬║Andrade_4.wav,Bdim,TRAINING
Bdim_acusticGB_JO_1.wav,Bdim,TRAINING
Bdim_acusticGB_JO_2.wav,Bdim,TRAINING
Bdim_acusticGB_JO_3.wav,Bdim,TRAINING
Bdim_acusticGB_JO_4.wav,Bdim,TRAINING
Bdim_AcusticPlug10_1.wav,Bdim,TRAINING
Bdim_AcusticPlug10_2.wav,Bdim,TRAINING
Bdim_AcusticPlug10_3.wav,Bdim,TRAINING
Bdim_AcusticPlug10_4.wav,Bdim,TRAINING
Bdim_AcusticPlug11_1.wav,Bdim,TRAINING
Bdim_AcusticPlug11_2.wav,Bdim,TRAINING
Bdim_AcusticPlug11_3.wav,Bdim,TRAINING
Bdim_AcusticPlug11_4.wav,Bdim,TRAINING
Bdim_AcusticPlug12_1.wav,Bdim,TRAINING
Bdim_AcusticPlug12_2.wav,Bdim,TRAINING
Bdim_AcusticPlug12_3.wav,Bdim,TRAINING
Bdim_AcusticPlug12_4.wav,Bdim,TRAINING
Bdim_AcusticPlug13_1.wav,Bdim,TRAINING
Bdim_AcusticPlug13_2.wav,Bdim,TRAINING
Bdim_AcusticPlug13_3.wav,Bdim,TRAINING
Bdim_AcusticPlug13_4.wav,Bdim,TRAINING
Bdim_AcusticPlug14_1.wav,Bdim,TRAINING
Bdim_AcusticPlug14_2.wav,Bdim,TRAINING
Bdim_AcusticPlug14_3.wav,Bdim,TRAINING
Bdim_AcusticPlug14_4.wav,Bdim,TRAINING
Bdim_AcusticPlug15_1.wav,Bdim,TRAINING
Bdim_AcusticPlug15_2.wav,Bdim,TRAINING
Bdim_AcusticPlug15_3.wav,Bdim,TRAINING
Bdim_AcusticPlug15_4.wav,Bdim,TRAINING
Bdim_AcusticPlug16_1.wav,Bdim,TRAINING
Bdim_AcusticPlug16_2.wav,Bdim,TRAINING
Bdim_AcusticPlug16_3.wav,Bdim,TRAINING
Bdim_AcusticPlug16_4.wav,Bdim,TRAINING
Bdim_AcusticPlug17_1.wav,Bdim,TRAINING
Bdim_AcusticPlug17_2.wav,Bdim,TRAINING
Bdim_AcusticPlug17_3.wav,Bdim,TRAINING
Bdim_AcusticPlug17_4.wav,Bdim,TRAINING
Bdim_AcusticPlug18_1.wav,Bdim,TRAINING
Bdim_AcusticPlug18_2.wav,Bdim,TRAINING
Bdim_AcusticPlug18_3.wav,Bdim,TRAINING
Bdim_AcusticPlug18_4.wav,Bdim,TRAINING
Bdim_AcusticPlug19_1.wav,Bdim,TRAINING
Bdim_AcusticPlug19_2.wav,Bdim,TRAINING
Bdim_AcusticPlug19_3.wav,Bdim,TRAINING
Bdim_AcusticPlug19_4.wav,Bdim,TRAINING
Bdim_AcusticPlug1_1.wav,Bdim,TRAINING
Bdim_AcusticPlug1_2.wav,Bdim,TRAINING
Bdim_AcusticPlug1_3.wav,Bdim,TRAINING
Bdim_AcusticPlug1_4.wav,Bdim,TRAINING
Bdim_AcusticPlug20_1.wav,Bdim,TRAINING
Bdim_AcusticPlug20_2.wav,Bdim,TRAINING
Bdim_AcusticPlug20_3.wav,Bdim,TRAINING
Bdim_AcusticPlug20_4.wav,Bdim,TRAINING
Bdim_AcusticPlug21_1.wav,Bdim,TRAINING
Bdim_AcusticPlug21_2.wav,Bdim,TRAINING
Bdim_AcusticPlug21_3.wav,Bdim,TRAINING
Bdim_AcusticPlug21_4.wav,Bdim,TRAINING
Bdim_AcusticPlug22_1.wav,Bdim,TRAINING
Bdim_AcusticPlug22_2.wav,Bdim,TRAINING
Bdim_AcusticPlug22_3.wav,Bdim,TRAINING
Bdim_AcusticPlug22_4.wav,Bdim,TRAINING
Bdim_AcusticPlug23_1.wav,Bdim,TRAINING
Bdim_AcusticPlug23_2.wav,Bdim,TRAINING
Bdim_AcusticPlug23_3.wav,Bdim,TRAINING
Bdim_AcusticPlug23_4.wav,Bdim,TRAINING
Bdim_AcusticPlug24_1.wav,Bdim,TRAINING
Bdim_AcusticPlug24_2.wav,Bdim,TRAINING
Bdim_AcusticPlug24_3.wav,Bdim,TRAINING
Bdim_AcusticPlug24_4.wav,Bdim,TRAINING
Bdim_AcusticPlug25_1.wav,Bdim,TRAINING
Bdim_AcusticPlug25_2.wav,Bdim,TRAINING
Bdim_AcusticPlug25_3.wav,Bdim,TRAINING
Bdim_AcusticPlug25_4.wav,Bdim,TRAINING
Bdim_AcusticPlug26_1.wav,Bdim,TRAINING
Bdim_AcusticPlug26_2.wav,Bdim,TRAINING
Bdim_AcusticPlug26_3.wav,Bdim,TRAINING
Bdim_AcusticPlug26_4.wav,Bdim,TRAINING
Bdim_AcusticPlug27_1.wav,Bdim,TRAINING
Bdim_AcusticPlug27_2.wav,Bdim,TRAINING
Bdim_AcusticPlug27_3.wav,Bdim,TRAINING
Bdim_AcusticPlug27_4.wav,Bdim,TRAINING
Bdim_AcusticPlug28_1.wav,Bdim,TRAINING
Bdim_AcusticPlug28_2.wav,Bdim,TRAINING
Bdim_AcusticPlug28_3.wav,Bdim,TRAINING
Bdim_AcusticPlug28_4.wav,Bdim,TRAINING
Bdim_AcusticPlug29_1.wav,Bdim,TRAINING
Bdim_AcusticPlug29_2.wav,Bdim,TRAINING
Bdim_AcusticPlug29_3.wav,Bdim,TRAINING
Bdim_AcusticPlug29_4.wav,Bdim,TRAINING
Bdim_AcusticPlug2_1.wav,Bdim,TRAINING
Bdim_AcusticPlug2_2.wav,Bdim,TRAINING
Bdim_AcusticPlug2_3.wav,Bdim,TRAINING
Bdim_AcusticPlug2_4.wav,Bdim,TRAINING
Bdim_AcusticPlug30_1.wav,Bdim,TRAINING
Bdim_AcusticPlug30_2.wav,Bdim,TRAINING
Bdim_AcusticPlug30_3.wav,Bdim,TRAINING
Bdim_AcusticPlug30_4.wav,Bdim,TRAINING
Bdim_AcusticPlug3_1.wav,Bdim,TRAINING
Bdim_AcusticPlug3_2.wav,Bdim,TRAINING
Bdim_AcusticPlug3_3.wav,Bdim,TRAINING
Bdim_AcusticPlug3_4.wav,Bdim,TRAINING
Bdim_AcusticPlug4_1.wav,Bdim,TRAINING
Bdim_AcusticPlug4_2.wav,Bdim,TRAINING
Bdim_AcusticPlug4_3.wav,Bdim,TRAINING
Bdim_AcusticPlug4_4.wav,Bdim,TRAINING
Bdim_AcusticPlug5_1.wav,Bdim,TRAINING
Bdim_AcusticPlug5_2.wav,Bdim,TRAINING
Bdim_AcusticPlug5_3.wav,Bdim,TRAINING
Bdim_AcusticPlug5_4.wav,Bdim,TRAINING
Bdim_AcusticPlug6_1.wav,Bdim,TRAINING
Bdim_AcusticPlug6_2.wav,Bdim,TRAINING
Bdim_AcusticPlug6_3.wav,Bdim,TRAINING
Bdim_AcusticPlug6_4.wav,Bdim,TRAINING
Bdim_AcusticPlug7_1.wav,Bdim,TRAINING
Bdim_AcusticPlug7_2.wav,Bdim,TRAINING
Bdim_AcusticPlug7_3.wav,Bdim,TRAINING
Bdim_AcusticPlug7_4.wav,Bdim,TRAINING
Bdim_AcusticPlug8_1.wav,Bdim,TRAINING
Bdim_AcusticPlug8_2.wav,Bdim,TRAINING
Bdim_AcusticPlug8_3.wav,Bdim,TRAINING
Bdim_AcusticPlug8_4.wav,Bdim,TRAINING
Bdim_AcusticPlug9_1.wav,Bdim,TRAINING
Bdim_AcusticPlug9_2.wav,Bdim,TRAINING
Bdim_AcusticPlug9_3.wav,Bdim,TRAINING
Bdim_AcusticPlug9_4.wav,Bdim,TRAINING
Bdim_Acustic_Miguel_1.wav,Bdim,TRAINING
Bdim_Acustic_Miguel_2.wav,Bdim,TRAINING
Bdim_Acustic_Miguel_3.wav,Bdim,TRAINING
Bdim_Acustic_Miguel_4.wav,Bdim,TRAINING
Bdim_classical_henrique_1.wav,Bdim,TRAINING
Bdim_classical_henrique_2.wav,Bdim,TRAINING
Bdim_classical_henrique_3.wav,Bdim,TRAINING
Bdim_classical_henrique_4.wav,Bdim,TRAINING
Bdim_ClassicA_Miguel_1.wav,Bdim,TRAINING
Bdim_ClassicA_Miguel_2.wav,Bdim,TRAINING
Bdim_ClassicA_Miguel_3.wav,Bdim,TRAINING
Bdim_ClassicA_Miguel_4.wav,Bdim,TRAINING
Bdim_ClassicCleanGB_JO_1.wav,Bdim,TRAINING
Bdim_ClassicCleanGB_JO_2.wav,Bdim,TRAINING
Bdim_ClassicCleanGB_JO_3.wav,Bdim,TRAINING
Bdim_ClassicCleanGB_JO_4.wav,Bdim,TRAINING
Bdim_Classic_Jegundo_1.wav,Bdim,TRAINING
Bdim_Classic_Jegundo_2.wav,Bdim,TRAINING
Bdim_Classic_Jegundo_3.wav,Bdim,TRAINING
Bdim_Classic_Jegundo_4.wav,Bdim,TRAINING
Bdim_Classic_Miguel_1.wav,Bdim,TRAINING
Bdim_Classic_Miguel_2.wav,Bdim,TRAINING
Bdim_Classic_Miguel_3.wav,Bdim,TRAINING
Bdim_Classic_Miguel_4.wav,Bdim,TRAINING
Bdim_Classic_Simona_1.wav,Bdim,TRAINING
Bdim_Classic_Simona_2.wav,Bdim,TRAINING
Bdim_Classic_Simona_3.wav,Bdim,TRAINING
Bdim_Classic_Simona_4.wav,Bdim,TRAINING
Bdim_Electric_Fabi_1.wav,Bdim,TRAINING
Bdim_Electric_Fabi_2.wav,Bdim,TRAINING
Bdim_Electric_Fabi_3.wav,Bdim,TRAINING
Bdim_Electric_Fabi_4.wav,Bdim,TRAINING
Bdim_eletricguitar_Mari_1.wav,Bdim,TRAINING
Bdim_eletricguitar_Mari_2.wav,Bdim,TRAINING
Bdim_eletricguitar_Mari_3.wav,Bdim,TRAINING
Bdim_eletricguitar_Mari_4.wav,Bdim,TRAINING
Bdim_RetroGB_JO_1.wav,Bdim,TRAINING
Bdim_RetroGB_JO_2.wav,Bdim,TRAINING
Bdim_RetroGB_JO_3.wav,Bdim,TRAINING
Bdim_RetroGB_JO_4.wav,Bdim,TRAINING
Bdim_RockGB_JO_1.wav,Bdim,TRAINING
Bdim_RockGB_JO_2.wav,Bdim,TRAINING
Bdim_RockGB_JO_3.wav,Bdim,TRAINING
Bdim_RockGB_JO_4.wav,Bdim,TRAINING
Bdim_RootsGB_JO_1.wav,Bdim,TRAINING
Bdim_RootsGB_JO_2.wav,Bdim,TRAINING
Bdim_RootsGB_JO_3.wav,Bdim,TRAINING
Bdim_RootsGB_JO_4.wav,Bdim,TRAINING
C_acousticguitar_Mari_1.wav,C,TRAINING
C_acousticguitar_Mari_2.wav,C,TRAINING
C_acousticguitar_Mari_3.wav,C,TRAINING
C_acousticguitar_Mari_4.wav,C,TRAINING
C_acousticguitar_SalomCÔòá┬║Andrade_1.wav,C,TRAINING
C_acousticguitar_SalomCÔòá┬║Andrade_2.wav,C,TRAINING
C_acousticguitar_SalomCÔòá┬║Andrade_3.wav,C,TRAINING
C_acousticguitar_SalomCÔòá┬║Andrade_4.wav,C,TRAINING
C_acusticGB_JO_1.wav,C,TRAINING
C_acusticGB_JO_2.wav,C,TRAINING
C_acusticGB_JO_3.wav,C,TRAINING
C_acusticGB_JO_4.wav,C,TRAINING
C_AcusticPlug10_1.wav,C,TRAINING
C_AcusticPlug10_2.wav,C,TRAINING
C_AcusticPlug10_3.wav,C,TRAINING
C_AcusticPlug10_4.wav,C,TRAINING
C_AcusticPlug11_1.wav,C,TRAINING
C_AcusticPlug11_2.wav,C,TRAINING
C_AcusticPlug11_3.wav,C,TRAINING
C_AcusticPlug11_4.wav,C,TRAINING
C_AcusticPlug12_1.wav,C,TRAINING
C_AcusticPlug12_2.wav,C,TRAINING
C_AcusticPlug12_3.wav,C,TRAINING
C_AcusticPlug12_4.wav,C,TRAINING
C_AcusticPlug13_1.wav,C,TRAINING
C_AcusticPlug13_2.wav,C,TRAINING
C_AcusticPlug13_3.wav,C,TRAINING
C_AcusticPlug13_4.wav,C,TRAINING
C_AcusticPlug14_1.wav,C,TRAINING
C_AcusticPlug14_2.wav,C,TRAINING
C_AcusticPlug14_3.wav,C,TRAINING
C_AcusticPlug14_4.wav,C,TRAINING
C_AcusticPlug15_1.wav,C,TRAINING
C_AcusticPlug15_2.wav,C,TRAINING
C_AcusticPlug15_3.wav,C,TRAINING
C_AcusticPlug15_4.wav,C,TRAINING
C_AcusticPlug16_1.wav,C,TRAINING
C_AcusticPlug16_2.wav,C,TRAINING
C_AcusticPlug16_3.wav,C,TRAINING
C_AcusticPlug16_4.wav,C,TRAINING
C_AcusticPlug17_1.wav,C,TRAINING
C_AcusticPlug17_2.wav,C,TRAINING
C_AcusticPlug17_3.wav,C,TRAINING
C_AcusticPlug17_4.wav,C,TRAINING
C_AcusticPlug18_1.wav,C,TRAINING
C_AcusticPlug18_2.wav,C,TRAINING
C_AcusticPlug18_3.wav,C,TRAINING
C_AcusticPlug18_4.wav,C,TRAINING
C_AcusticPlug19_1.wav,C,TRAINING
C_AcusticPlug19_2.wav,C,TRAINING
C_AcusticPlug19_3.wav,C,TRAINING
C_AcusticPlug19_4.wav,C,TRAINING
C_AcusticPlug1_1.wav,C,TRAINING
C_AcusticPlug1_2.wav,C,TRAINING
C_AcusticPlug1_3.wav,C,TRAINING
C_AcusticPlug1_4.wav,C,TRAINING
C_AcusticPlug20_1.wav,C,TRAINING
C_AcusticPlug20_2.wav,C,TRAINING
C_AcusticPlug20_3.wav,C,TRAINING
C_AcusticPlug20_4.wav,C,TRAINING
C_AcusticPlug21_1.wav,C,TRAINING
C_AcusticPlug21_2.wav,C,TRAINING
C_AcusticPlug21_3.wav,C,TRAINING
C_AcusticPlug21_4.wav,C,TRAINING
C_AcusticPlug22_1.wav,C,TRAINING
C_AcusticPlug22_2.wav,C,TRAINING
C_AcusticPlug22_3.wav,C,TRAINING
C_AcusticPlug22_4.wav,C,TRAINING
C_AcusticPlug23_1.wav,C,TRAINING
C_AcusticPlug23_2.wav,C,TRAINING
C_AcusticPlug23_3.wav,C,TRAINING
C_AcusticPlug23_4.wav,C,TRAINING
C_AcusticPlug24_1.wav,C,TRAINING
C_AcusticPlug24_2.wav,C,TRAINING
C_AcusticPlug24_3.wav,C,TRAINING
C_AcusticPlug24_4.wav,C,TRAINING
C_AcusticPlug25_1.wav,C,TRAINING
C_AcusticPlug25_2.wav,C,TRAINING
C_AcusticPlug25_3.wav,C,TRAINING
C_AcusticPlug25_4.wav,C,TRAINING
C_AcusticPlug26_1.wav,C,TRAINING
C_AcusticPlug26_2.wav,C,TRAINING
C_AcusticPlug26_3.wav,C,TRAINING
C_AcusticPlug26_4.wav,C,TRAINING
C_AcusticPlug27_1.wav,C,TRAINING
C_AcusticPlug27_2.wav,C,TRAINING
C_AcusticPlug27_3.wav,C,TRAINING
C_AcusticPlug27_4.wav,C,TRAINING
C_AcusticPlug28_1.wav,C,TRAINING
C_AcusticPlug28_2.wav,C,TRAINING
C_AcusticPlug28_3.wav,C,TRAINING
C_AcusticPlug28_4.wav,C,TRAINING
C_AcusticPlug29_1.wav,C,TRAINING
C_AcusticPlug29_2.wav,C,TRAINING
C_AcusticPlug29_3.wav,C,TRAINING
C_AcusticPlug29_4.wav,C,TRAINING
C_AcusticPlug2_1.wav,C,TRAINING
C_AcusticPlug2_2.wav,C,TRAINING
C_AcusticPlug2_3.wav,C,TRAINING
C_AcusticPlug2_4.wav,C,TRAINING
C_AcusticPlug30_1.wav,C,TRAINING
C_AcusticPlug30_2.wav,C,TRAINING
C_AcusticPlug30_3.wav,C,TRAINING
C_AcusticPlug30_4.wav,C,TRAINING
C_AcusticPlug3_1.wav,C,TRAINING
C_AcusticPlug3_2.wav,C,TRAINING
C_AcusticPlug3_3.wav,C,TRAINING
C_AcusticPlug3_4.wav,C,TRAINING
C_AcusticPlug4_1.wav,C,TRAINING
C_AcusticPlug4_2.wav,C,TRAINING
C_AcusticPlug4_3.wav,C,TRAINING
C_AcusticPlug4_4.wav,C,TRAINING
C_AcusticPlug5_1.wav,C,TRAINING
C_AcusticPlug5_2.wav,C,TRAINING
C_AcusticPlug5_3.wav,C,TRAINING
C_AcusticPlug5_4.wav,C,TRAINING
C_AcusticPlug6_1.wav,C,TRAINING
C_AcusticPlug6_2.wav,C,TRAINING
C_AcusticPlug6_3.wav,C,TRAINING
C_AcusticPlug6_4.wav,C,TRAINING
C_AcusticPlug7_1.wav,C,TRAINING
C_AcusticPlug7_2.wav,C,TRAINING
C_AcusticPlug7_3.wav,C,TRAINING
C_AcusticPlug7_4.wav,C,TRAINING
C_AcusticPlug8_1.wav,C,TRAINING
C_AcusticPlug8_2.wav,C,TRAINING
C_AcusticPlug8_3.wav,C,TRAINING
C_AcusticPlug8_4.wav,C,TRAINING
C_AcusticPlug9_1.wav,C,TRAINING
C_AcusticPlug9_2.wav,C,TRAINING
C_AcusticPlug9_3.wav,C,TRAINING
C_AcusticPlug9_4.wav,C,TRAINING
C_Acustic_Miguel_1.wav,C,TRAINING
C_Acustic_Miguel_2.wav,C,TRAINING
C_Acustic_Miguel_3.wav,C,TRAINING
C_Acustic_Miguel_4.wav,C,TRAINING
C_classical_henrique_1.wav,C,TRAINING
C_classical_henrique_2.wav,C,TRAINING
C_classical_henrique_3.wav,C,TRAINING
C_classical_henrique_4.wav,C,TRAINING
C_ClassicA_Miguel_1.wav,C,TRAINING
C_ClassicA_Miguel_2.wav,C,TRAINING
C_ClassicA_Miguel_3.wav,C,TRAINING
C_ClassicA_Miguel_4.wav,C,TRAINING
C_ClassicCleanGB_JO_1.wav,C,TRAINING
C_ClassicCleanGB_JO_2.wav,C,TRAINING
C_ClassicCleanGB_JO_3.wav,C,TRAINING
C_ClassicCleanGB_JO_4.wav,C,TRAINING
C_Classic_Jegundo_1.wav,C,TRAINING
C_Classic_Jegundo_2.wav,C,TRAINING
C_Classic_Jegundo_3.wav,C,TRAINING
C_Classic_Jegundo_4.wav,C,TRAINING
C_Classic_Miguel_1.wav,C,TRAINING
C_Classic_Miguel_2.wav,C,TRAINING
C_Classic_Miguel_3.wav,C,TRAINING
C_Classic_Miguel_4.wav,C,TRAINING
C_Classic_Simona_1.wav,C,TRAINING
C_Classic_Simona_2.wav,C,TRAINING
C_Classic_Simona_3.wav,C,TRAINING
C_Classic_Simona_4.wav,C,TRAINING
C_Electric_Fabi_1.wav,C,TRAINING
C_Electric_Fabi_2.wav,C,TRAINING
C_Electric_Fabi_3.wav,C,TRAINING
C_Electric_Fabi_4.wav,C,TRAINING
C_eletricguitar_Mari_1.wav,C,TRAINING
C_eletricguitar_Mari_2.wav,C,TRAINING
C_eletricguitar_Mari_3.wav,C,TRAINING
C_eletricguitar_Mari_4.wav,C,TRAINING
C_RetroGB_JO_1.wav,C,TRAINING
C_RetroGB_JO_2.wav,C,TRAINING
C_RetroGB_JO_3.wav,C,TRAINING
C_RetroGB_JO_4.wav,C,TRAINING
C_RockGB_JO_1.wav,C,TRAINING
C_RockGB_JO_2.wav,C,TRAINING
C_RockGB_JO_3.wav,C,TRAINING
C_RockGB_JO_4.wav,C,TRAINING
C_RootsGB_JO_1.wav,C,TRAINING
C_RootsGB_JO_2.wav,C,TRAINING
C_RootsGB_JO_3.wav,C,TRAINING
C_RootsGB_JO_4.wav,C,TRAINING
Dm_acousticguitar_Mari_1.wav,Dm,TRAINING
Dm_acousticguitar_Mari_2.wav,Dm,TRAINING
Dm_acousticguitar_Mari_3.wav,Dm,TRAINING
Dm_acousticguitar_Mari_4.wav,Dm,TRAINING
Dm_acousticguitar_SalomCÔòá┬║Andrade_1.wav,Dm,TRAINING
Dm_acousticguitar_SalomCÔòá┬║Andrade_2.wav,Dm,TRAINING
Dm_acousticguitar_SalomCÔòá┬║Andrade_3.wav,Dm,TRAINING
Dm_acousticguitar_SalomCÔòá┬║Andrade_4.wav,Dm,TRAINING
Dm_acusticGB_JO_1.wav,Dm,TRAINING
Dm_acusticGB_JO_2.wav,Dm,TRAINING
Dm_acusticGB_JO_3.wav,Dm,TRAINING
Dm_acusticGB_JO_4.wav,Dm,TRAINING
Dm_AcusticPlug10_1.wav,Dm,TRAINING
Dm_AcusticPlug10_2.wav,Dm,TRAINING
Dm_AcusticPlug10_3.wav,Dm,TRAINING
Dm_AcusticPlug10_4.wav,Dm,TRAINING
Dm_AcusticPlug11_1.wav,Dm,TRAINING
Dm_AcusticPlug11_2.wav,Dm,TRAINING
Dm_AcusticPlug11_3.wav,Dm,TRAINING
Dm_AcusticPlug11_4.wav,Dm,TRAINING
Dm_AcusticPlug12_1.wav,Dm,TRAINING
Dm_AcusticPlug12_2.wav,Dm,TRAINING
Dm_AcusticPlug12_3.wav,Dm,TRAINING
Dm_AcusticPlug12_4.wav,Dm,TRAINING
Dm_AcusticPlug13_1.wav,Dm,TRAINING
Dm_AcusticPlug13_2.wav,Dm,TRAINING
Dm_AcusticPlug13_3.wav,Dm,TRAINING
Dm_AcusticPlug13_4.wav,Dm,TRAINING
Dm_AcusticPlug14_1.wav,Dm,TRAINING
Dm_AcusticPlug14_2.wav,Dm,TRAINING
Dm_AcusticPlug14_3.wav,Dm,TRAINING
Dm_AcusticPlug14_4.wav,Dm,TRAINING
Dm_AcusticPlug15_1.wav,Dm,TRAINING
Dm_AcusticPlug15_2.wav,Dm,TRAINING
Dm_AcusticPlug15_3.wav,Dm,TRAINING
Dm_AcusticPlug15_4.wav,Dm,TRAINING
Dm_AcusticPlug16_1.wav,Dm,TRAINING
Dm_AcusticPlug16_2.wav,Dm,TRAINING
Dm_AcusticPlug16_3.wav,Dm,TRAINING
Dm_AcusticPlug16_4.wav,Dm,TRAINING
Dm_AcusticPlug17_1.wav,Dm,TRAINING
Dm_AcusticPlug17_2.wav,Dm,TRAINING
Dm_AcusticPlug17_3.wav,Dm,TRAINING
Dm_AcusticPlug17_4.wav,Dm,TRAINING
Dm_AcusticPlug18_1.wav,Dm,TRAINING
Dm_AcusticPlug18_2.wav,Dm,TRAINING
Dm_AcusticPlug18_3.wav,Dm,TRAINING
Dm_AcusticPlug18_4.wav,Dm,TRAINING
Dm_AcusticPlug19_1.wav,Dm,TRAINING
Dm_AcusticPlug19_2.wav,Dm,TRAINING
Dm_AcusticPlug19_3.wav,Dm,TRAINING
Dm_AcusticPlug19_4.wav,Dm,TRAINING
Dm_AcusticPlug1_1.wav,Dm,TRAINING
Dm_AcusticPlug1_2.wav,Dm,TRAINING
Dm_AcusticPlug1_3.wav,Dm,TRAINING
Dm_AcusticPlug1_4.wav,Dm,TRAINING
Dm_AcusticPlug20_1.wav,Dm,TRAINING
Dm_AcusticPlug20_2.wav,Dm,TRAINING
Dm_AcusticPlug20_3.wav,Dm,TRAINING
Dm_AcusticPlug20_4.wav,Dm,TRAINING
Dm_AcusticPlug21_1.wav,Dm,TRAINING
Dm_AcusticPlug21_2.wav,Dm,TRAINING
Dm_AcusticPlug21_3.wav,Dm,TRAINING
Dm_AcusticPlug21_4.wav,Dm,TRAINING
Dm_AcusticPlug22_1.wav,Dm,TRAINING
Dm_AcusticPlug22_2.wav,Dm,TRAINING
Dm_AcusticPlug22_3.wav,Dm,TRAINING
Dm_AcusticPlug22_4.wav,Dm,TRAINING
Dm_AcusticPlug23_1.wav,Dm,TRAINING
Dm_AcusticPlug23_2.wav,Dm,TRAINING
Dm_AcusticPlug23_3.wav,Dm,TRAINING
Dm_AcusticPlug23_4.wav,Dm,TRAINING
Dm_AcusticPlug24_1.wav,Dm,TRAINING
Dm_AcusticPlug24_2.wav,Dm,TRAINING
Dm_AcusticPlug24_3.wav,Dm,TRAINING
Dm_AcusticPlug24_4.wav,Dm,TRAINING
Dm_AcusticPlug25_1.wav,Dm,TRAINING
Dm_AcusticPlug25_2.wav,Dm,TRAINING
Dm_AcusticPlug25_3.wav,Dm,TRAINING
Dm_AcusticPlug25_4.wav,Dm,TRAINING
Dm_AcusticPlug26_1.wav,Dm,TRAINING
Dm_AcusticPlug26_2.wav,Dm,TRAINING
Dm_AcusticPlug26_3.wav,Dm,TRAINING
Dm_AcusticPlug26_4.wav,Dm,TRAINING
Dm_AcusticPlug27_1.wav,Dm,TRAINING
Dm_AcusticPlug27_2.wav,Dm,TRAINING
Dm_AcusticPlug27_3.wav,Dm,TRAINING
Dm_AcusticPlug27_4.wav,Dm,TRAINING
Dm_AcusticPlug28_1.wav,Dm,TRAINING
Dm_AcusticPlug28_2.wav,Dm,TRAINING
Dm_AcusticPlug28_3.wav,Dm,TRAINING
Dm_AcusticPlug28_4.wav,Dm,TRAINING
Dm_AcusticPlug29 _1.wav,Dm,TRAINING
Dm_AcusticPlug29_2.wav,Dm,TRAINING
Dm_AcusticPlug29_3.wav,Dm,TRAINING
Dm_AcusticPlug29_4.wav,Dm,TRAINING
Dm_AcusticPlug2_1.wav,Dm,TRAINING
Dm_AcusticPlug2_2.wav,Dm,TRAINING
Dm_AcusticPlug2_3.wav,Dm,TRAINING
Dm_AcusticPlug2_4.wav,Dm,TRAINING
Dm_AcusticPlug30 _1.wav,Dm,TRAINING
Dm_AcusticPlug30_2.wav,Dm,TRAINING
Dm_AcusticPlug30_3.wav,Dm,TRAINING
Dm_AcusticPlug30_4.wav,Dm,TRAINING
Dm_AcusticPlug3_1.wav,Dm,TRAINING
Dm_AcusticPlug3_2.wav,Dm,TRAINING
Dm_AcusticPlug3_3.wav,Dm,TRAINING
Dm_AcusticPlug3_4.wav,Dm,TRAINING
Dm_AcusticPlug4_1.wav,Dm,TRAINING
Dm_AcusticPlug4_2.wav,Dm,TRAINING
Dm_AcusticPlug4_3.wav,Dm,TRAINING
Dm_AcusticPlug4_4.wav,Dm,TRAINING
Dm_AcusticPlug5_1.wav,Dm,TRAINING
Dm_AcusticPlug5_2.wav,Dm,TRAINING
Dm_AcusticPlug5_3.wav,Dm,TRAINING
Dm_AcusticPlug5_4.wav,Dm,TRAINING
Dm_AcusticPlug6_1.wav,Dm,TRAINING
Dm_AcusticPlug6_2.wav,Dm,TRAINING
Dm_AcusticPlug6_3.wav,Dm,TRAINING
Dm_AcusticPlug6_4.wav,Dm,TRAINING
Dm_AcusticPlug7_1.wav,Dm,TRAINING
Dm_AcusticPlug7_2.wav,Dm,TRAINING
Dm_AcusticPlug7_3.wav,Dm,TRAINING
Dm_AcusticPlug7_4.wav,Dm,TRAINING
Dm_AcusticPlug8_1.wav,Dm,TRAINING
Dm_AcusticPlug8_2.wav,Dm,TRAINING
Dm_AcusticPlug8_3.wav,Dm,TRAINING
Dm_AcusticPlug8_4.wav,Dm,TRAINING
Dm_AcusticPlug9_1.wav,Dm,TRAINING
Dm_AcusticPlug9_2.wav,Dm,TRAINING
Dm_AcusticPlug9_3.wav,Dm,TRAINING
Dm_AcusticPlug9_4.wav,Dm,TRAINING
Dm_Acustic_Miguel_1.wav,Dm,TRAINING
Dm_Acustic_Miguel_2.wav,Dm,TRAINING
Dm_Acustic_Miguel_3.wav,Dm,TRAINING
Dm_Acustic_Miguel_4.wav,Dm,TRAINING
Dm_classical_henrique_1.wav,Dm,TRAINING
Dm_classical_henrique_2.wav,Dm,TRAINING
Dm_classical_henrique_3.wav,Dm,TRAINING
Dm_classical_henrique_4.wav,Dm,TRAINING
Dm_ClassicA_Miguel_1.wav,Dm,TRAINING
Dm_ClassicA_Miguel_2.wav,Dm,TRAINING
Dm_ClassicA_Miguel_3.wav,Dm,TRAINING
Dm_ClassicA_Miguel_4.wav,Dm,TRAINING
Dm_ClassicCleanGB_1.wav,Dm,TRAINING
Dm_ClassicCleanGB_2.wav,Dm,TRAINING
Dm_ClassicCleanGB_3.wav,Dm,TRAINING
Dm_ClassicCleanGB_4.wav,Dm,TRAINING
Dm_Classic_Jegundo_1.wav,Dm,TRAINING
Dm_Classic_Jegundo_2.wav,Dm,TRAINING
Dm_Classic_Jegundo_3.wav,Dm,TRAINING
Dm_Classic_Jegundo_4.wav,Dm,TRAINING
Dm_Classic_Miguel_1.wav,Dm,TRAINING
Dm_Classic_Miguel_2.wav,Dm,TRAINING
Dm_Classic_Miguel_3.wav,Dm,TRAINING
Dm_Classic_Miguel_4.wav,Dm,TRAINING
Dm_Classic_Simona_1.wav,Dm,TRAINING
Dm_Classic_Simona_2.wav,Dm,TRAINING
Dm_Classic_Simona_3.wav,Dm,TRAINING
Dm_Classic_Simona_4.wav,Dm,TRAINING
Dm_Electric_Fabi_1.wav,Dm,TRAINING
Dm_Electric_Fabi_2.wav,Dm,TRAINING
Dm_Electric_Fabi_3.wav,Dm,TRAINING
Dm_Electric_Fabi_4.wav,Dm,TRAINING
Dm_eletricguitar_Mari_1.wav,Dm,TRAINING
Dm_eletricguitar_Mari_2.wav,Dm,TRAINING
Dm_eletricguitar_Mari_3.wav,Dm,TRAINING
Dm_eletricguitar_Mari_4.wav,Dm,TRAINING
Dm_RetroGB_JO_1.wav,Dm,TRAINING
Dm_RetroGB_JO_2.wav,Dm,TRAINING
Dm_RetroGB_JO_3.wav,Dm,TRAINING
Dm_RetroGB_JO_4.wav,Dm,TRAINING
Dm_RockGB_JO_1.wav,Dm,TRAINING
Dm_RockGB_JO_2.wav,Dm,TRAINING
Dm_RockGB_JO_3.wav,Dm,TRAINING
Dm_RockGB_JO_4.wav,Dm,TRAINING
Dm_RootsGB_JO_1.wav,Dm,TRAINING
Dm_RootsGB_JO_2.wav,Dm,TRAINING
Dm_RootsGB_JO_3.wav,Dm,TRAINING
Dm_RootsGB_JO_4.wav,Dm,TRAINING
Em_acousticguitar_Mari_1.wav,Em,TRAINING
Em_acousticguitar_Mari_2.wav,Em,TRAINING
Em_acousticguitar_Mari_3.wav,Em,TRAINING
Em_acousticguitar_Mari_4.wav,Em,TRAINING
Em_acousticguitar_SalomCÔòá┬║Andrade_1.wav,Em,TRAINING
Em_acousticguitar_SalomCÔòá┬║Andrade_2.wav,Em,TRAINING
Em_acousticguitar_SalomCÔòá┬║Andrade_3.wav,Em,TRAINING
Em_acousticguitar_SalomCÔòá┬║Andrade_4.wav,Em,TRAINING
Em_acusticBG_JO_1.wav,Em,TRAINING
Em_acusticBG_JO_2.wav,Em,TRAINING
Em_acusticBG_JO_3.wav,Em,TRAINING
Em_acusticBG_JO_4.wav,Em,TRAINING
Em_AcusticPlug10_1.wav,Em,TRAINING
Em_AcusticPlug10_2.wav,Em,TRAINING
Em_AcusticPlug10_3.wav,Em,TRAINING
Em_AcusticPlug10_4.wav,Em,TRAINING
Em_AcusticPlug11_1.wav,Em,TRAINING
Em_AcusticPlug11_2.wav,Em,TRAINING
Em_AcusticPlug11_3.wav,Em,TRAINING
Em_AcusticPlug11_4.wav,Em,TRAINING
Em_AcusticPlug12_1.wav,Em,TRAINING
Em_AcusticPlug12_2.wav,Em,TRAINING
Em_AcusticPlug12_3.wav,Em,TRAINING
Em_AcusticPlug12_4.wav,Em,TRAINING
Em_AcusticPlug13_1.wav,Em,TRAINING
Em_AcusticPlug13_2.wav,Em,TRAINING
Em_AcusticPlug13_3.wav,Em,TRAINING
Em_AcusticPlug13_4.wav,Em,TRAINING
Em_AcusticPlug14_1.wav,Em,TRAINING
Em_AcusticPlug14_2.wav,Em,TRAINING
Em_AcusticPlug14_3.wav,Em,TRAINING
Em_AcusticPlug14_4.wav,Em,TRAINING
Em_AcusticPlug15_1.wav,Em,TRAINING
Em_AcusticPlug15_2.wav,Em,TRAINING
Em_AcusticPlug15_3.wav,Em,TRAINING
Em_AcusticPlug15_4.wav,Em,TRAINING
Em_AcusticPlug16_1.wav,Em,TRAINING
Em_AcusticPlug16_2.wav,Em,TRAINING
Em_AcusticPlug16_3.wav,Em,TRAINING
Em_AcusticPlug16_4.wav,Em,TRAINING
Em_AcusticPlug17_1.wav,Em,TRAINING
Em_AcusticPlug17_2.wav,Em,TRAINING
Em_AcusticPlug17_3.wav,Em,TRAINING
Em_AcusticPlug17_4.wav,Em,TRAINING
Em_AcusticPlug18_1.wav,Em,TRAINING
Em_AcusticPlug18_2.wav,Em,TRAINING
Em_AcusticPlug18_3.wav,Em,TRAINING
Em_AcusticPlug18_4.wav,Em,TRAINING
Em_AcusticPlug19_1.wav,Em,TRAINING
Em_AcusticPlug19_2.wav,Em,TRAINING
Em_AcusticPlug19_3.wav,Em,TRAINING
Em_AcusticPlug19_4.wav,Em,TRAINING
Em_AcusticPlug1_1.wav,Em,TRAINING
Em_AcusticPlug1_2.wav,Em,TRAINING
Em_AcusticPlug1_3.wav,Em,TRAINING
Em_AcusticPlug1_4.wav,Em,TRAINING
Em_AcusticPlug20_1.wav,Em,TRAINING
Em_AcusticPlug20_2.wav,Em,TRAINING
Em_AcusticPlug20_3.wav,Em,TRAINING
Em_AcusticPlug20_4.wav,Em,TRAINING
Em_AcusticPlug21_1.wav,Em,TRAINING
Em_AcusticPlug21_2.wav,Em,TRAINING
Em_AcusticPlug21_3.wav,Em,TRAINING
Em_AcusticPlug21_4.wav,Em,TRAINING
Em_AcusticPlug22_1.wav,Em,TRAINING
Em_AcusticPlug22_2.wav,Em,TRAINING
Em_AcusticPlug22_3.wav,Em,TRAINING
Em_AcusticPlug22_4.wav,Em,TRAINING
Em_AcusticPlug23_1.wav,Em,TRAINING
Em_AcusticPlug23_2.wav,Em,TRAINING
Em_AcusticPlug23_3.wav,Em,TRAINING
Em_AcusticPlug23_4.wav,Em,TRAINING
Em_AcusticPlug24_1.wav,Em,TRAINING
Em_AcusticPlug24_2.wav,Em,TRAINING
Em_AcusticPlug24_3.wav,Em,TRAINING
Em_AcusticPlug24_4.wav,Em,TRAINING
Em_AcusticPlug25_1.wav,Em,TRAINING
Em_AcusticPlug25_2.wav,Em,TRAINING
Em_AcusticPlug25_3.wav,Em,TRAINING
Em_AcusticPlug25_4.wav,Em,TRAINING
Em_AcusticPlug26_1.wav,Em,TRAINING
Em_AcusticPlug26_2.wav,Em,TRAINING
Em_AcusticPlug26_3.wav,Em,TRAINING
Em_AcusticPlug26_4.wav,Em,TRAINING
Em_AcusticPlug27_1.wav,Em,TRAINING
Em_AcusticPlug27_2.wav,Em,TRAINING
Em_AcusticPlug27_3.wav,Em,TRAINING
Em_AcusticPlug27_4.wav,Em,TRAINING
Em_AcusticPlug28_1.wav,Em,TRAINING
Em_AcusticPlug28_2.wav,Em,TRAINING
Em_AcusticPlug28_3.wav,Em,TRAINING
Em_AcusticPlug28_4.wav,Em,TRAINING
Em_AcusticPlug29_1.wav,Em,TRAINING
Em_AcusticPlug29_2.wav,Em,TRAINING
Em_AcusticPlug29_3.wav,Em,TRAINING
Em_AcusticPlug29_4.wav,Em,TRAINING
Em_AcusticPlug2_1.wav,Em,TRAINING
Em_AcusticPlug2_2.wav,Em,TRAINING
Em_AcusticPlug2_3.wav,Em,TRAINING
Em_AcusticPlug2_4.wav,Em,TRAINING
Em_AcusticPlug30_1.wav,Em,TRAINING
Em_AcusticPlug30_2.wav,Em,TRAINING
Em_AcusticPlug30_3.wav,Em,TRAINING
Em_AcusticPlug30_4.wav,Em,TRAINING
Em_AcusticPlug3_1.wav,Em,TRAINING
Em_AcusticPlug3_2.wav,Em,TRAINING
Em_AcusticPlug3_3.wav,Em,TRAINING
Em_AcusticPlug3_4.wav,Em,TRAINING
Em_AcusticPlug4_1.wav,Em,TRAINING
Em_AcusticPlug4_2.wav,Em,TRAINING
Em_AcusticPlug4_3.wav,Em,TRAINING
Em_AcusticPlug4_4.wav,Em,TRAINING
Em_AcusticPlug5_1.wav,Em,TRAINING
Em_AcusticPlug5_2.wav,Em,TRAINING
Em_AcusticPlug5_3.wav,Em,TRAINING
Em_AcusticPlug5_4.wav,Em,TRAINING
Em_AcusticPlug6_1.wav,Em,TRAINING
Em_AcusticPlug6_2.wav,Em,TRAINING
Em_AcusticPlug6_3.wav,Em,TRAINING
Em_AcusticPlug6_4.wav,Em,TRAINING
Em_AcusticPlug7_1.wav,Em,TRAINING
Em_AcusticPlug7_2.wav,Em,TRAINING
Em_AcusticPlug7_3.wav,Em,TRAINING
Em_AcusticPlug7_4.wav,Em,TRAINING
Em_AcusticPlug8_1.wav,Em,TRAINING
Em_AcusticPlug8_2.wav,Em,TRAINING
Em_AcusticPlug8_3.wav,Em,TRAINING
Em_AcusticPlug8_4.wav,Em,TRAINING
Em_AcusticPlug9_1.wav,Em,TRAINING
Em_AcusticPlug9_2.wav,Em,TRAINING
Em_AcusticPlug9_3.wav,Em,TRAINING
Em_AcusticPlug9_4.wav,Em,TRAINING
Em_Acustic_Miguel_1.wav,Em,TRAINING
Em_Acustic_Miguel_2.wav,Em,TRAINING
Em_Acustic_Miguel_3.wav,Em,TRAINING
Em_Acustic_Miguel_4.wav,Em,TRAINING
Em_classical_henrique_1.wav,Em,TRAINING
Em_classical_henrique_2.wav,Em,TRAINING
Em_classical_henrique_3.wav,Em,TRAINING
Em_classical_henrique_4.wav,Em,TRAINING
Em_ClassicA_Miguel_1.wav,Em,TRAINING
Em_ClassicA_Miguel_2.wav,Em,TRAINING
Em_ClassicA_Miguel_3.wav,Em,TRAINING
Em_ClassicA_Miguel_4.wav,Em,TRAINING
Em_ClassicCleanGB_1.wav,Em,TRAINING
Em_ClassicCleanGB_2.wav,Em,TRAINING
Em_ClassicCleanGB_3.wav,Em,TRAINING
Em_ClassicCleanGB_4.wav,Em,TRAINING
Em_Classic_Jegundo_1.wav,Em,TRAINING
Em_Classic_Jegundo_2.wav,Em,TRAINING
Em_Classic_Jegundo_3.wav,Em,TRAINING
Em_Classic_Jegundo_4.wav,Em,TRAINING
Em_Classic_Miguel_1.wav,Em,TRAINING
Em_Classic_Miguel_2.wav,Em,TRAINING
Em_Classic_Miguel_3.wav,Em,TRAINING
Em_Classic_Miguel_4.wav,Em,TRAINING
Em_Classic_Simona_1.wav,Em,TRAINING
Em_Classic_Simona_2.wav,Em,TRAINING
Em_Classic_Simona_3.wav,Em,TRAINING
Em_Classic_Simona_4.wav,Em,TRAINING
Em_Electric_Fabi_1.wav,Em,TRAINING
Em_Electric_Fabi_2.wav,Em,TRAINING
Em_Electric_Fabi_3.wav,Em,TRAINING
Em_Electric_Fabi_4.wav,Em,TRAINING
Em_eletricguitar_Mari_1.wav,Em,TRAINING
Em_eletricguitar_Mari_2.wav,Em,TRAINING
Em_eletricguitar_Mari_3.wav,Em,TRAINING
Em_eletricguitar_Mari_4.wav,Em,TRAINING
Em_RetroGB_JO_1.wav,Em,TRAINING
Em_RetroGB_JO_2.wav,Em,TRAINING
Em_RetroGB_JO_3.wav,Em,TRAINING
Em_RetroGB_JO_4.wav,Em,TRAINING
Em_RockGB_JO_1.wav,Em,TRAINING
Em_RockGB_JO_2.wav,Em,TRAINING
Em_RockGB_JO_3.wav,Em,TRAINING
Em_RockGB_JO_4.wav,Em,TRAINING
Em_RootsGB_JO_1.wav,Em,TRAINING
Em_RootsGB_JO_2.wav,Em,TRAINING
Em_RootsGB_JO_3.wav,Em,TRAINING
Em_RootsGB_JO_4.wav,Em,TRAINING
F_acousticguitar_Mari_1.wav,F,TRAINING
F_acousticguitar_Mari_2.wav,F,TRAINING
F_acousticguitar_Mari_3.wav,F,TRAINING
F_acousticguitar_Mari_4.wav,F,TRAINING
F_acousticguitar_SalomCÔòá┬║Andrade_1.wav,F,TRAINING
F_acousticguitar_SalomCÔòá┬║Andrade_2.wav,F,TRAINING
F_acousticguitar_SalomCÔòá┬║Andrade_3.wav,F,TRAINING
F_acousticguitar_SalomCÔòá┬║Andrade_4.wav,F,TRAINING
F_acusticGB_JO_1.wav,F,TRAINING
F_acusticGB_JO_2.wav,F,TRAINING
F_acusticGB_JO_3.wav,F,TRAINING
F_acusticGB_JO_4.wav,F,TRAINING
F_AcusticPlug10_1.wav,F,TRAINING
F_AcusticPlug10_2.wav,F,TRAINING
F_AcusticPlug10_3.wav,F,TRAINING
F_AcusticPlug10_4.wav,F,TRAINING
F_AcusticPlug11_1.wav,F,TRAINING
F_AcusticPlug11_2.wav,F,TRAINING
F_AcusticPlug11_3.wav,F,TRAINING
F_AcusticPlug11_4.wav,F,TRAINING
F_AcusticPlug12_1.wav,F,TRAINING
F_AcusticPlug12_2.wav,F,TRAINING
F_AcusticPlug12_3.wav,F,TRAINING
F_AcusticPlug12_4.wav,F,TRAINING
F_AcusticPlug13_1.wav,F,TRAINING
F_AcusticPlug13_2.wav,F,TRAINING
F_AcusticPlug13_3.wav,F,TRAINING
F_AcusticPlug13_4.wav,F,TRAINING
F_AcusticPlug14_1.wav,F,TRAINING
F_AcusticPlug14_2.wav,F,TRAINING
F_AcusticPlug14_3.wav,F,TRAINING
F_AcusticPlug14_4.wav,F,TRAINING
F_AcusticPlug15_1.wav,F,TRAINING
F_AcusticPlug15_2.wav,F,TRAINING
F_AcusticPlug15_3.wav,F,TRAINING
F_AcusticPlug15_4.wav,F,TRAINING
F_AcusticPlug16_1.wav,F,TRAINING
F_AcusticPlug16_2.wav,F,TRAINING
F_AcusticPlug16_3.wav,F,TRAINING
F_AcusticPlug16_4.wav,F,TRAINING
F_AcusticPlug17_1.wav,F,TRAINING
F_AcusticPlug17_2.wav,F,TRAINING
F_AcusticPlug17_3.wav,F,TRAINING
F_AcusticPlug17_4.wav,F,TRAINING
F_AcusticPlug18_1.wav,F,TRAINING
F_AcusticPlug18_2.wav,F,TRAINING
F_AcusticPlug18_3.wav,F,TRAINING
F_AcusticPlug18_4.wav,F,TRAINING
F_AcusticPlug19_1.wav,F,TRAINING
F_AcusticPlug19_2.wav,F,TRAINING
F_AcusticPlug19_3.wav,F,TRAINING
F_AcusticPlug19_4.wav,F,TRAINING
F_AcusticPlug1_1.wav,F,TRAINING
F_AcusticPlug1_2.wav,F,TRAINING
F_AcusticPlug1_3.wav,F,TRAINING
F_AcusticPlug1_4.wav,F,TRAINING
F_AcusticPlug20_1.wav,F,TRAINING
F_AcusticPlug20_2.wav,F,TRAINING
F_AcusticPlug20_3.wav,F,TRAINING
F_AcusticPlug20_4.wav,F,TRAINING
F_AcusticPlug21_1.wav,F,TRAINING
F_AcusticPlug21_2.wav,F,TRAINING
F_AcusticPlug21_3.wav,F,TRAINING
F_AcusticPlug21_4.wav,F,TRAINING
F_AcusticPlug22_1.wav,F,TRAINING
F_AcusticPlug22_2.wav,F,TRAINING
F_AcusticPlug22_3.wav,F,TRAINING
F_AcusticPlug22_4.wav,F,TRAINING
F_AcusticPlug23_1.wav,F,TRAINING
F_AcusticPlug23_2.wav,F,TRAINING
F_AcusticPlug23_3.wav,F,TRAINING
F_AcusticPlug23_4.wav,F,TRAINING
F_AcusticPlug24_1.wav,F,TRAINING
F_AcusticPlug24_2.wav,F,TRAINING
F_AcusticPlug24_3.wav,F,TRAINING
F_AcusticPlug24_4.wav,F,TRAINING
F_AcusticPlug25_1.wav,F,TRAINING
F_AcusticPlug25_2.wav,F,TRAINING
F_AcusticPlug25_3.wav,F,TRAINING
F_AcusticPlug25_4.wav,F,TRAINING
F_AcusticPlug26_1.wav,F,TRAINING
F_AcusticPlug26_2.wav,F,TRAINING
F_AcusticPlug26_3.wav,F,TRAINING
F_AcusticPlug26_4.wav,F,TRAINING
F_AcusticPlug27_1.wav,F,TRAINING
F_AcusticPlug27_2.wav,F,TRAINING
F_AcusticPlug27_3.wav,F,TRAINING
F_AcusticPlug27_4.wav,F,TRAINING
F_AcusticPlug28_1.wav,F,TRAINING
F_AcusticPlug28_2.wav,F,TRAINING
F_AcusticPlug28_3.wav,F,TRAINING
F_AcusticPlug28_4.wav,F,TRAINING
F_AcusticPlug29_1.wav,F,TRAINING
F_AcusticPlug29_2.wav,F,TRAINING
F_AcusticPlug29_3.wav,F,TRAINING
F_AcusticPlug29_4.wav,F,TRAINING
F_AcusticPlug2_1.wav,F,TRAINING
F_AcusticPlug2_2.wav,F,TRAINING
F_AcusticPlug2_3.wav,F,TRAINING
F_AcusticPlug2_4.wav,F,TRAINING
F_AcusticPlug30_1.wav,F,TRAINING
F_AcusticPlug30_2.wav,F,TRAINING
F_AcusticPlug30_3.wav,F,TRAINING
F_AcusticPlug30_4.wav,F,TRAINING
F_AcusticPlug3_1.wav,F,TRAINING
F_AcusticPlug3_2.wav,F,TRAINING
F_AcusticPlug3_3.wav,F,TRAINING
F_AcusticPlug3_4.wav,F,TRAINING
F_AcusticPlug4_1.wav,F,TRAINING
F_AcusticPlug4_2.wav,F,TRAINING
F_AcusticPlug4_3.wav,F,TRAINING
F_AcusticPlug4_4.wav,F,TRAINING
F_AcusticPlug5_1.wav,F,TRAINING
F_AcusticPlug5_2.wav,F,TRAINING
F_AcusticPlug5_3.wav,F,TRAINING
F_AcusticPlug5_4.wav,F,TRAINING
F_AcusticPlug6_1.wav,F,TRAINING
F_AcusticPlug6_2.wav,F,TRAINING
F_AcusticPlug6_3.wav,F,TRAINING
F_AcusticPlug6_4.wav,F,TRAINING
F_AcusticPlug7_1.wav,F,TRAINING
F_AcusticPlug7_2.wav,F,TRAINING
F_AcusticPlug7_3.wav,F,TRAINING
F_AcusticPlug7_4.wav,F,TRAINING
F_AcusticPlug8_1.wav,F,TRAINING
F_AcusticPlug8_2.wav,F,TRAINING
F_AcusticPlug8_3.wav,F,TRAINING
F_AcusticPlug8_4.wav,F,TRAINING
F_AcusticPlug9_1.wav,F,TRAINING
F_AcusticPlug9_2.wav,F,TRAINING
F_AcusticPlug9_3.wav,F,TRAINING
F_AcusticPlug9_4.wav,F,TRAINING
F_Acustic_Miguel_1.wav,F,TRAINING
F_Acustic_Miguel_2.wav,F,TRAINING
F_Acustic_Miguel_3.wav,F,TRAINING
F_Acustic_Miguel_4.wav,F,TRAINING
F_classical_henrique_1.wav,F,TRAINING
F_classical_henrique_2.wav,F,TRAINING
F_classical_henrique_3.wav,F,TRAINING
F_classical_henrique_4.wav,F,TRAINING
F_ClassicA_Miguel_1.wav,F,TRAINING
F_ClassicA_Miguel_2.wav,F,TRAINING
F_ClassicA_Miguel_3.wav,F,TRAINING
F_ClassicA_Miguel_4.wav,F,TRAINING
F_ClassicCleanGB_JO_1.wav,F,TRAINING
F_ClassicCleanGB_JO_2.wav,F,TRAINING
F_ClassicCleanGB_JO_3.wav,F,TRAINING
F_ClassicCleanGB_JO_4.wav,F,TRAINING
F_Classic_Jegundo_1.wav,F,TRAINING
F_Classic_Jegundo_2.wav,F,TRAINING
F_Classic_Jegundo_3.wav,F,TRAINING
F_Classic_Jegundo_4.wav,F,TRAINING
F_Classic_Miguel_1.wav,F,TRAINING
F_Classic_Miguel_2.wav,F,TRAINING
F_Classic_Miguel_3.wav,F,TRAINING
F_Classic_Miguel_4.wav,F,TRAINING
F_Classic_Simona_1.wav,F,TRAINING
F_Classic_Simona_2.wav,F,TRAINING
F_Classic_Simona_3.wav,F,TRAINING
F_Classic_Simona_4.wav,F,TRAINING
F_Electric_Fabi_1.wav,F,TRAINING
F_Electric_Fabi_2.wav,F,TRAINING
F_Electric_Fabi_3.wav,F,TRAINING
F_Electric_Fabi_4.wav,F,TRAINING
F_eletricguitar_Mari_1.wav,F,TRAINING
F_eletricguitar_Mari_2.wav,F,TRAINING
F_eletricguitar_Mari_3.wav,F,TRAINING
F_eletricguitar_Mari_4.wav,F,TRAINING
F_Retro GB_JO_1.wav,F,TRAINING
F_RetroGB_JO_2.wav,F,TRAINING
F_RetroGB_JO_3.wav,F,TRAINING
F_RetroGB_JO_4.wav,F,TRAINING
F_RockGB_JO_1.wav,F,TRAINING
F_RockGB_JO_2.wav,F,TRAINING
F_RockGB_JO_3.wav,F,TRAINING
F_RockGB_JO_4.wav,F,TRAINING
F_RootsGB_JO_1.wav,F,TRAINING
F_RootsGB_JO_2.wav,F,TRAINING
F_RootsGB_JO_3.wav,F,TRAINING
F_RootsGB_JO_4.wav,F,TRAINING
G_acousticguitar_Mari_1 17.51.39.wav,G,TRAINING
G_acousticguitar_Mari_2.wav,G,TRAINING
G_acousticguitar_Mari_3.wav,G,TRAINING
G_acousticguitar_Mari_4.wav,G,TRAINING
G_acousticguitar_SalomCÔòá┬║Andrade_1.wav,G,TRAINING
G_acousticguitar_SalomCÔòá┬║Andrade_2.wav,G,TRAINING
G_acousticguitar_SalomCÔòá┬║Andrade_3.wav,G,TRAINING
G_acousticguitar_SalomCÔòá┬║Andrade_4.wav,G,TRAINING
G_acusticGB_JO_1.wav,G,TRAINING
G_acusticGB_JO_2.wav,G,TRAINING
G_acusticGB_JO_3.wav,G,TRAINING
G_acusticGB_JO_4.wav,G,TRAINING
G_AcusticPlug10_1.wav,G,TRAINING
G_AcusticPlug10_2.wav,G,TRAINING
G_AcusticPlug10_3.wav,G,TRAINING
G_AcusticPlug10_4.wav,G,TRAINING
G_AcusticPlug11_1.wav,G,TRAINING
G_AcusticPlug11_2.wav,G,TRAINING
G_AcusticPlug11_3.wav,G,TRAINING
G_AcusticPlug11_4.wav,G,TRAINING
G_AcusticPlug12_1.wav,G,TRAINING
G_AcusticPlug12_2.wav,G,TRAINING
G_AcusticPlug12_3.wav,G,TRAINING
G_AcusticPlug12_4.wav,G,TRAINING
G_AcusticPlug13_1.wav,G,TRAINING
G_AcusticPlug13_2.wav,G,TRAINING
G_AcusticPlug13_3.wav,G,TRAINING
G_AcusticPlug13_4.wav,G,TRAINING
G_AcusticPlug14_1.wav,G,TRAINING
G_AcusticPlug14_2.wav,G,TRAINING
G_AcusticPlug14_3.wav,G,TRAINING
G_AcusticPlug14_4.wav,G,TRAINING
G_AcusticPlug15_1.wav,G,TRAINING
G_AcusticPlug15_2.wav,G,TRAINING
G_AcusticPlug15_3.wav,G,TRAINING
G_AcusticPlug15_4.wav,G,TRAINING
G_AcusticPlug16_1.wav,G,TRAINING
G_AcusticPlug16_2.wav,G,TRAINING
G_AcusticPlug16_3.wav,G,TRAINING
G_AcusticPlug16_4.wav,G,TRAINING
G_AcusticPlug17_1.wav,G,TRAINING
G_AcusticPlug17_2.wav,G,TRAINING
G_AcusticPlug17_3.wav,G,TRAINING
G_AcusticPlug17_4.wav,G,TRAINING
G_AcusticPlug18_1.wav,G,TRAINING
G_AcusticPlug18_2.wav,G,TRAINING
G_AcusticPlug18_3.wav,G,TRAINING
G_AcusticPlug18_4.wav,G,TRAINING
G_AcusticPlug19_1.wav,G,TRAINING
G_AcusticPlug19_2.wav,G,TRAINING
G_AcusticPlug19_3.wav,G,TRAINING
G_AcusticPlug19_4.wav,G,TRAINING
G_AcusticPlug1_1.wav,G,TRAINING
G_AcusticPlug1_2.wav,G,TRAINING
G_AcusticPlug1_3.wav,G,TRAINING
G_AcusticPlug1_4.wav,G,TRAINING
G_AcusticPlug20_1.wav,G,TRAINING
G_AcusticPlug20_2.wav,G,TRAINING
G_AcusticPlug20_3.wav,G,TRAINING
G_AcusticPlug20_4.wav,G,TRAINING
G_AcusticPlug21_1.wav,G,TRAINING
G_AcusticPlug21_2.wav,G,TRAINING
G_AcusticPlug21_3.wav,G,TRAINING
G_AcusticPlug21_4.wav,G,TRAINING
G_AcusticPlug22_1.wav,G,TRAINING
G_AcusticPlug22_2.wav,G,TRAINING
G_AcusticPlug22_3.wav,G,TRAINING
G_AcusticPlug22_4.wav,G,TRAINING
G_AcusticPlug23_1.wav,G,TRAINING
G_AcusticPlug23_2.wav,G,TRAINING
G_AcusticPlug23_3.wav,G,TRAINING
G_AcusticPlug23_4.wav,G,TRAINING
G_AcusticPlug24_1.wav,G,TRAINING
G_AcusticPlug24_2.wav,G,TRAINING
G_AcusticPlug24_3.wav,G,TRAINING
G_AcusticPlug24_4.wav,G,TRAINING
G_AcusticPlug25_1.wav,G,TRAINING
G_AcusticPlug25_2.wav,G,TRAINING
G_AcusticPlug25_3.wav,G,TRAINING
G_AcusticPlug25_4.wav,G,TRAINING
G_AcusticPlug26_1.wav,G,TRAINING
G_AcusticPlug26_2.wav,G,TRAINING
G_AcusticPlug26_3.wav,G,TRAINING
G_AcusticPlug26_4.wav,G,TRAINING
G_AcusticPlug27_1.wav,G,TRAINING
G_AcusticPlug27_2.wav,G,TRAINING
G_AcusticPlug27_3.wav,G,TRAINING
G_AcusticPlug27_4.wav,G,TRAINING
G_AcusticPlug28_1.wav,G,TRAINING
G_AcusticPlug28_2.wav,G,TRAINING
G_AcusticPlug28_3.wav,G,TRAINING
G_AcusticPlug28_4.wav,G,TRAINING
G_AcusticPlug29_1.wav,G,TRAINING
G_AcusticPlug29_2.wav,G,TRAINING
G_AcusticPlug29_3.wav,G,TRAINING
G_AcusticPlug29_4.wav,G,TRAINING
G_AcusticPlug2_1.wav,G,TRAINING
G_AcusticPlug2_2.wav,G,TRAINING
G_AcusticPlug2_3.wav,G,TRAINING
G_AcusticPlug2_4.wav,G,TRAINING
G_AcusticPlug30_1.wav,G,TRAINING
G_AcusticPlug30_2.wav,G,TRAINING
G_AcusticPlug30_3.wav,G,TRAINING
G_AcusticPlug30_4.wav,G,TRAINING
G_AcusticPlug3_1.wav,G,TRAINING
G_AcusticPlug3_2.wav,G,TRAINING
G_AcusticPlug3_3.wav,G,TRAINING
G_AcusticPlug3_4.wav,G,TRAINING
G_AcusticPlug4_1.wav,G,TRAINING
G_AcusticPlug4_2.wav,G,TRAINING
G_AcusticPlug4_3.wav,G,TRAINING
G_AcusticPlug4_4.wav,G,TRAINING
G_AcusticPlug5_1.wav,G,TRAINING
G_AcusticPlug5_2.wav,G,TRAINING
G_AcusticPlug5_3.wav,G,TRAINING
G_AcusticPlug5_4.wav,G,TRAINING
G_AcusticPlug6_1.wav,G,TRAINING
G_AcusticPlug6_2.wav,G,TRAINING
G_AcusticPlug6_3.wav,G,TRAINING
G_AcusticPlug6_4.wav,G,TRAINING
G_AcusticPlug7_1.wav,G,TRAINING
G_AcusticPlug7_2.wav,G,TRAINING
G_AcusticPlug7_3.wav,G,TRAINING
G_AcusticPlug7_4.wav,G,TRAINING
G_AcusticPlug8_1.wav,G,TRAINING
G_AcusticPlug8_2.wav,G,TRAINING
G_AcusticPlug8_3.wav,G,TRAINING
G_AcusticPlug8_4.wav,G,TRAINING
G_AcusticPlug9_1.wav,G,TRAINING
G_AcusticPlug9_2.wav,G,TRAINING
G_AcusticPlug9_3.wav,G,TRAINING
G_AcusticPlug9_4.wav,G,TRAINING
G_Acustic_Miguel_1.wav,G,TRAINING
G_Acustic_Miguel_2.wav,G,TRAINING
G_Acustic_Miguel_3.wav,G,TRAINING
G_Acustic_Miguel_4.wav,G,TRAINING
G_classical_henrique_1.wav,G,TRAINING
G_classical_henrique_2.wav,G,TRAINING
G_classical_henrique_3.wav,G,TRAINING
G_classical_henrique_4.wav,G,TRAINING
G_ClassicA_Miguel_1.wav,G,TRAINING
G_ClassicA_Miguel_2.wav,G,TRAINING
G_ClassicA_Miguel_3.wav,G,TRAINING
G_ClassicA_Miguel_4.wav,G,TRAINING
G_ClassicCleanGB_JO_1.wav,G,TRAINING
G_ClassicCleanGB_JO_2.wav,G,TRAINING
G_ClassicCleanGB_JO_3.wav,G,TRAINING
G_ClassicCleanGB_JO_4.wav,G,TRAINING
G_Classic_Jegundo_1.wav,G,TRAINING
G_Classic_Jegundo_2.wav,G,TRAINING
G_Classic_Jegundo_3.wav,G,TRAINING
G_Classic_Jegundo_4.wav,G,TRAINING
G_Classic_Miguel_1.wav,G,TRAINING
G_Classic_Miguel_2.wav,G,TRAINING
G_Classic_Miguel_3.wav,G,TRAINING
G_Classic_Miguel_4.wav,G,TRAINING
G_Classic_Simona_1.wav,G,TRAINING
G_Classic_Simona_2.wav,G,TRAINING
G_Classic_Simona_3.wav,G,TRAINING
G_Classic_Simona_4.wav,G,TRAINING
G_Electric_Fabi_1.wav,G,TRAINING
G_Electric_Fabi_2.wav,G,TRAINING
G_Electric_Fabi_3.wav,G,TRAINING
G_Electric_Fabi_4.wav,G,TRAINING
G_eletricguitar_Mari_1.wav,G,TRAINING
G_eletricguitar_Mari_2.wav,G,TRAINING
G_eletricguitar_Mari_3.wav,G,TRAINING
G_eletricguitar_Mari_4.wav,G,TRAINING
G_RetroGB_JO_1.wav,G,TRAINING
G_RetroGB_JO_2.wav,G,TRAINING
G_RetroGB_JO_3.wav,G,TRAINING
G_RetroGB_JO_4.wav,G,TRAINING
G_RockGB_JO_1.wav,G,TRAINING
G_RockGB_JO_2.wav,G,TRAINING
G_RockGB_JO_3.wav,G,TRAINING
G_RockGB_JO_4.wav,G,TRAINING
G_RootsGB_JO_1.wav,G,TRAINING
G_RootsGB_JO_2.wav,G,TRAINING
G_RootsGB_JO_3.wav,G,TRAINING
G_RootsGB_JO_4.wav,G,TRAINING
